Date,Close,Position,Trade,Shares,Cash,Portfolio_Value,Returns,Cumulative_Returns,BuyHold_Value,BuyHold_Returns,BuyHold_Cumulative
2024-01-02,248.4199981689453,0,,0.0,100000.0,100000.0,,,100000.0,,
2024-01-03,238.4499969482422,0,0.0,0.0,100000.0,100000.0,0.0,0.0,95986.63501562273,-0.04013364984377277,-0.04013364984377277
2024-01-04,237.92999267578125,0,0.0,0.0,100000.0,100000.0,0.0,0.0,95777.31037336614,-0.002180768627033536,-0.04222689626633869
2024-01-05,237.49000549316406,0,0.0,0.0,100000.0,100000.0,0.0,0.0,95600.19613704852,-0.00184922958921252,-0.0439980386295149
2024-01-08,240.4499969482422,0,0.0,0.0,100000.0,100000.0,0.0,0.0,96791.72317871008,0.012463646412957496,-0.03208276821289935
2024-01-09,234.9600067138672,0,0.0,0.0,100000.0,100000.0,0.0,0.0,94581.76010212985,-0.02283214932024602,-0.054182398978701585
2024-01-10,233.94000244140625,0,0.0,0.0,100000.0,100000.0,0.0,0.0,94171.16341910142,-0.0043411825132569914,-0.05828836580898589
2024-01-11,227.22000122070312,0,0.0,0.0,100000.0,100000.0,0.0,0.0,91466.0666997411,-0.028725319101363223,-0.085339333002589
2024-01-12,218.88999938964844,0,0.0,0.0,100000.0,100000.0,0.0,0.0,88112.87376340204,-0.03666051309877261,-0.11887126236597967
2024-01-16,219.91000366210938,0,0.0,0.0,100000.0,100000.0,0.0,0.0,88523.47044643045,0.004659894354722027,-0.11476529553569559
2024-01-17,215.5500030517578,0,0.0,0.0,100000.0,100000.0,0.0,0.0,86768.37800520661,-0.019826295019532925,-0.13231621994793397
2024-01-18,211.8800048828125,0,0.0,0.0,100000.0,100000.0,0.0,0.0,85291.04196302155,-0.017026203279914,-0.1470895803697846
2024-01-19,212.19000244140625,0,0.0,0.0,100000.0,100000.0,0.0,0.0,85415.82964552645,0.0014630807600990448,-0.14584170354473558
2024-01-22,208.8000030517578,0,0.0,0.0,100000.0,100000.0,0.0,0.0,84051.20545478679,-0.015976244642273207,-0.15948794545213218
2024-01-23,209.13999938964844,0,0.0,0.0,100000.0,100000.0,0.0,0.0,84188.06896835119,0.0016283349277843584,-0.15811931031648807
2024-01-24,207.8300018310547,0,0.0,0.0,100000.0,100000.0,0.0,0.0,83660.7372043026,-0.006263735117226998,-0.16339262795697396
2024-01-25,182.6300048828125,0,0.0,0.0,100000.0,100000.0,0.0,0.0,73516.627577869,-0.12125293136804793,-0.2648337242213099
2024-01-26,183.25,0,0.0,0.0,100000.0,100000.0,0.0,0.0,73766.2029428788,0.0033948152034781742,-0.262337970571212
2024-01-29,190.92999267578125,0,0.0,0.0,100000.0,100000.0,0.0,0.0,76857.73854081333,0.04190991910385411,-0.23142261459186664
2024-01-30,191.58999633789062,0,0.0,0.0,100000.0,100000.0,0.0,0.0,77123.41910879262,0.0034567835721344142,-0.22876580891207376
2024-01-31,187.2899932861328,0,0.0,0.0,100000.0,100000.0,0.0,0.0,75392.47832968776,-0.02244377647032403,-0.24607521670312238
2024-02-01,188.86000061035156,0,0.0,0.0,100000.0,100000.0,0.0,0.0,76024.47548603224,0.008382761388752824,-0.2397552451396775
2024-02-02,187.91000366210938,0,0.0,0.0,100000.0,100000.0,0.0,0.0,75642.0598370328,-0.0050301649114266045,-0.24357940162967207
2024-02-05,181.05999755859375,0,0.0,0.0,100000.0,100000.0,0.0,0.0,72884.6304215245,-0.03645365318513327,-0.271153695784755
2024-02-06,185.10000610351562,0,0.0,0.0,100000.0,100000.0,0.0,0.0,74510.91195066868,0.0223130928940527,-0.2548908804933132
2024-02-07,187.5800018310547,0,0.0,0.0,100000.0,100000.0,0.0,0.0,75509.21955304315,0.013398139631352501,-0.2449078044695685
2024-02-08,189.55999755859375,0,0.0,0.0,100000.0,100000.0,0.0,0.0,76306.25511464576,0.010555473441792307,-0.2369374488535424
2024-02-09,193.57000732421875,0,0.0,0.0,100000.0,100000.0,0.0,0.0,77920.46081273045,0.021154303741671487,-0.22079539187269548
2024-02-12,188.1300048828125,0,0.0,0.0,100000.0,100000.0,0.0,0.0,75730.62002635922,-0.028103539988478365,-0.2426937997364078
2024-02-13,184.02000427246094,0,0.0,0.0,100000.0,100000.0,0.0,0.0,74076.16360552129,-0.021846598116614824,-0.25923836394478716
2024-02-14,188.7100067138672,0,0.0,0.0,100000.0,100000.0,0.0,0.0,75964.09633073477,0.025486372853585015,-0.24035903669265235
2024-02-15,200.4499969482422,0,0.0,0.0,100000.0,100000.0,0.0,0.0,80689.959916963,0.06221180550417693,-0.19310040083037006
2024-02-16,199.9499969482422,0,0.0,0.0,100000.0,100000.0,0.0,0.0,80488.68787619115,-0.0024943876658133357,-0.19511312123808855
2024-02-20,193.75999450683594,0,0.0,0.0,100000.0,100000.0,0.0,0.0,77996.93902866216,-0.030957752117438342,-0.2200306097133784
2024-02-21,194.77000427246094,0,0.0,0.0,100000.0,100000.0,0.0,0.0,78403.51248211582,0.00521268473502845,-0.2159648751788419
2024-02-22,197.41000366210938,0,0.0,0.0,100000.0,100000.0,0.0,0.0,79466.22861169772,0.013554445406056326,-0.2053377138830229
2024-02-23,191.97000122070312,0,0.0,0.0,100000.0,100000.0,0.0,0.0,77276.38782532648,-0.027556873210526134,-0.22723612174673524
2024-02-26,199.39999389648438,0,0.0,0.0,100000.0,100000.0,0.0,0.0,80267.28740287508,0.038703925762021196,-0.19732712597124935
2024-02-27,199.72999572753906,0,0.0,0.0,100000.0,100000.0,0.0,0.0,80400.12768686473,0.0016549741281637331,-0.19599872313135291
2024-02-28,202.0399932861328,0,0.0,0.0,100000.0,100000.0,0.0,0.0,81330.00353245699,0.01156560160219966,-0.18669996467543026
2024-02-29,201.8800048828125,0,0.0,0.0,100000.0,100000.0,0.0,0.0,81265.60114758478,-0.0007918650199801869,-0.18734398852415246
2024-03-01,202.63999938964844,0,0.0,0.0,100000.0,100000.0,0.0,0.0,81571.53243831728,0.003764585340074067,-0.18428467561682738
2024-03-04,188.13999938964844,0,0.0,0.0,100000.0,100000.0,0.0,0.0,75734.64325593397,-0.07155546804023871,-0.24265356744066047
2024-03-05,180.74000549316406,0,0.0,0.0,100000.0,100000.0,0.0,0.0,72755.81950944485,-0.03933237971984149,-0.2724418049055517
2024-03-06,176.5399932861328,0,0.0,0.0,100000.0,100000.0,0.0,0.0,71065.12945309322,-0.02323786698783792,-0.2893487054690679
2024-03-07,178.64999389648438,0,0.0,0.0,100000.0,100000.0,0.0,0.0,71914.49771084379,0.011951969472048907,-0.28085502289156217
2024-03-08,175.33999633789062,0,0.0,0.0,100000.0,100000.0,0.0,0.0,70582.07778370786,-0.018527834714126223,-0.29417922216292136
2024-03-11,177.77000427246094,0,0.0,0.0,100000.0,100000.0,0.0,0.0,71560.2630958733,0.013858834181150081,-0.2843973690412669
2024-03-12,177.5399932861328,0,0.0,0.0,100000.0,100000.0,0.0,0.0,71467.6735346369,-0.0012938683737420131,-0.285323264653631
2024-03-13,169.47999572753906,0,0.0,0.0,100000.0,100000.0,0.0,0.0,68223.16922016851,-0.04539820808488937,-0.3177683077983149
2024-03-14,162.5,0,0.0,0.0,100000.0,100000.0,0.0,0.0,65413.41325084751,-0.04118477639544138,-0.3458658674915249
2024-03-15,163.57000732421875,0,0.0,0.0,100000.0,100000.0,0.0,0.0,65844.13836642014,0.006584660456730562,-0.34155861633579865
2024-03-18,173.8000030517578,0,0.0,0.0,100000.0,100000.0,0.0,0.0,69962.1626007581,0.0625420020142311,-0.30037837399241907
2024-03-19,171.32000732421875,0,0.0,0.0,100000.0,100000.0,0.0,0.0,68963.85499838364,-0.01426925019558567,-0.31036145001616366
2024-03-20,175.66000366210938,0,0.0,0.0,100000.0,100000.0,0.0,0.0,70710.89483812275,0.02533268825792967,-0.2928910516187725
2024-03-21,172.82000732421875,0,0.0,0.0,100000.0,100000.0,0.0,0.0,69567.67112069916,-0.01616757530845503,-0.3043232887930084
2024-03-22,170.8300018310547,0,0.0,0.0,100000.0,100000.0,0.0,0.0,68766.60618718657,-0.01151490226146501,-0.31233393812813437
2024-03-25,172.6300048828125,0,0.0,0.0,100000.0,100000.0,0.0,0.0,69491.18676243222,0.010536808713131895,-0.3050881323756778
2024-03-26,177.6699981689453,0,0.0,0.0,100000.0,100000.0,0.0,0.0,71520.00623078486,0.029195349264770964,-0.2847999376921514
2024-03-27,179.8300018310547,0,0.0,0.0,100000.0,100000.0,0.0,0.0,72389.50292107965,0.012157391142962881,-0.2761049707892035
2024-03-28,175.7899932861328,0,0.0,0.0,100000.0,100000.0,0.0,0.0,70763.22139193547,-0.022465709302040393,-0.2923677860806453
2024-04-01,175.22000122070312,0,0.0,0.0,100000.0,100000.0,0.0,0.0,70533.77445946989,-0.003242460249156087,-0.2946622554053011
2024-04-02,166.6300048828125,0,0.0,0.0,100000.0,100000.0,0.0,0.0,67075.92227317016,-0.049024062767074494,-0.32924077726829837
2024-04-03,168.3800048828125,0,0.0,0.0,100000.0,100000.0,0.0,0.0,67780.3744158716,0.01050231020055925,-0.322196255841284
2024-04-04,171.11000061035156,0,0.0,0.0,100000.0,100000.0,0.0,0.0,68879.31803863197,0.016213301154368365,-0.31120681961368024
2024-04-05,164.89999389648438,0,0.0,0.0,100000.0,100000.0,0.0,0.0,66379.51658961824,-0.036292482565110196,-0.3362048341038175
2024-04-08,172.97999572753906,0,0.0,0.0,100000.0,100000.0,0.0,0.0,69632.07350557137,0.04899940648952894,-0.3036792649442862
2024-04-09,176.8800048828125,0,0.0,0.0,100000.0,100000.0,0.0,0.0,71201.99910899285,0.02254601255405486,-0.28798000891007136
2024-04-10,171.75999450683594,0,0.0,0.0,100000.0,100000.0,0.0,0.0,69140.96923470126,-0.028946236061949016,-0.30859030765298723
2024-04-11,174.60000610351562,0,0.0,0.0,100000.0,100000.0,0.0,0.0,70284.19909446008,0.01653476762638495,-0.297158009055399
2024-04-12,171.0500030517578,0,0.0,0.0,100000.0,100000.0,0.0,0.0,68855.16637651299,-0.020332204625772454,-0.31144833623487
2024-04-15,161.47999572753906,0,0.0,0.0,100000.0,100000.0,0.0,0.0,65002.816567819085,-0.05594859487563408,-0.3499718343218091
2024-04-16,157.11000061035156,0,0.0,0.0,100000.0,100000.0,0.0,0.0,63243.70089702049,-0.027062145360474688,-0.36756299102979506
2024-04-17,155.4499969482422,0,0.0,0.0,100000.0,100000.0,0.0,0.0,62575.47624749754,-0.010565868854054195,-0.3742452375250246
2024-04-18,149.92999267578125,0,0.0,0.0,100000.0,100000.0,0.0,0.0,60353.43119752258,-0.03550983840996058,-0.3964656880247742
2024-04-19,147.0500030517578,0,0.0,0.0,100000.0,100000.0,0.0,0.0,59194.10841946474,-0.01920889591618491,-0.4080589158053526
2024-04-22,142.0500030517578,0,0.0,0.0,100000.0,100000.0,0.0,0.0,57181.388011746356,-0.03400203941675628,-0.4281861198825364
2024-04-23,144.67999267578125,0,0.0,0.0,100000.0,100000.0,0.0,0.0,58240.07476941827,0.018514534090261048,-0.4175992523058172
2024-04-24,162.1300048828125,0,0.0,0.0,100000.0,100000.0,0.0,0.0,65264.47390622362,0.12061109407252757,-0.3473552609377637
2024-04-25,170.17999267578125,0,0.0,0.0,100000.0,100000.0,0.0,0.0,68504.94884878203,0.04965143743002587,-0.31495051151217957
2024-04-26,168.2899932861328,0,0.0,0.0,100000.0,100000.0,0.0,0.0,67744.14078035789,-0.011105884774887609,-0.322558592196421
2024-04-29,194.0500030517578,0,0.0,0.0,100000.0,100000.0,0.0,0.0,78113.68025201756,0.1530691710339953,-0.2188631974798244
2024-04-30,183.27999877929688,0,0.0,0.0,100000.0,100000.0,0.0,0.0,73778.27877393829,-0.05550118063944742,-0.262217212260617
2024-05-01,179.99000549316406,0,0.0,0.0,100000.0,100000.0,0.0,0.0,72453.9114482871,-0.017950640048260635,-0.275460885517129
2024-05-02,180.00999450683594,0,0.0,0.0,100000.0,100000.0,0.0,0.0,72461.9579074366,0.0001110562423569661,-0.27538042092563386
2024-05-03,181.19000244140625,0,0.0,0.0,100000.0,100000.0,0.0,0.0,72936.96311767247,0.006555235656793057,-0.2706303688232752
2024-05-06,184.75999450683594,0,0.0,0.0,100000.0,100000.0,0.0,0.0,74374.04229476907,0.019703030064167848,-0.2562595770523092
2024-05-07,177.80999755859375,0,0.0,0.0,100000.0,100000.0,0.0,0.0,71576.36215650757,-0.03761635178001155,-0.2842363784349241
2024-05-08,174.72000122070312,0,0.0,0.0,100000.0,100000.0,0.0,0.0,70332.50241869804,-0.017378079862311657,-0.2966749758130194
2024-05-09,171.97000122070312,0,0.0,0.0,100000.0,100000.0,0.0,0.0,69225.50619445294,-0.01573946875450294,-0.30774493805547043
2024-05-10,168.47000122070312,0,0.0,0.0,100000.0,100000.0,0.0,0.0,67816.60190905008,-0.02035238689978347,-0.3218339809094991
2024-05-13,171.88999938964844,0,0.0,0.0,100000.0,100000.0,0.0,0.0,69193.30193084922,0.02030033919489882,-0.30806698069150773
2024-05-14,177.5500030517578,0,0.0,0.0,100000.0,100000.0,0.0,0.0,71471.70290654688,0.03292805679333899,-0.28528297093453114
2024-05-15,173.99000549316406,0,0.0,0.0,100000.0,100000.0,0.0,0.0,70038.64695902503,-0.02005067585133158,-0.2996135304097496
2024-05-16,174.83999633789062,0,0.0,0.0,100000.0,100000.0,0.0,0.0,70380.80574293602,0.004885285464054645,-0.29619194257063974
2024-05-17,177.4600067138672,0,0.0,0.0,100000.0,100000.0,0.0,0.0,71435.4754133684,0.014985188920464187,-0.2856452458663159
2024-05-20,174.9499969482422,0,0.0,0.0,100000.0,100000.0,0.0,0.0,70425.08583759924,-0.01414408695291025,-0.29574914162400756
2024-05-21,186.60000610351562,0,0.0,0.0,100000.0,100000.0,0.0,0.0,75114.7280729842,0.0665905079079252,-0.24885271927015795
2024-05-22,180.11000061035156,0,0.0,0.0,100000.0,100000.0,0.0,0.0,72502.21477252507,-0.03478030697149992,-0.27497785227474925
2024-05-23,173.74000549316406,0,0.0,0.0,100000.0,100000.0,0.0,0.0,69938.01093863911,-0.035367248323808,-0.30061989061360883
2024-05-24,179.24000549316406,0,0.0,0.0,100000.0,100000.0,0.0,0.0,72152.00338712934,0.03165649721483654,-0.2784799661287065
2024-05-28,176.75,0,0.0,0.0,100000.0,100000.0,0.0,0.0,71149.6664128449,-0.01389201861667555,-0.28850333587155086
2024-05-29,176.19000244140625,0,0.0,0.0,100000.0,100000.0,0.0,0.0,70924.24270995408,-0.0031683030189180172,-0.2907575729004591
2024-05-30,178.7899932861328,0,0.0,0.0,100000.0,100000.0,0.0,0.0,71970.8536365665,0.014756744473008565,-0.28029146363433477
2024-05-31,178.0800018310547,0,0.0,0.0,100000.0,100000.0,0.0,0.0,71685.05077837822,-0.003971091681523098,-0.28314949221621766
2024-06-03,176.2899932861328,0,0.0,0.0,100000.0,100000.0,0.0,0.0,70964.49343270731,-0.0100517100545634,-0.2903550656729268
2024-06-04,174.77000427246094,0,0.0,0.0,100000.0,100000.0,0.0,0.0,70352.63085124228,-0.008622094682395387,-0.2964736914875771
2024-06-05,175.0,0,0.0,0.0,100000.0,100000.0,0.0,0.0,70445.21427014346,0.0013159908560766986,-0.29554785729856536
2024-06-06,177.94000244140625,0,0.0,0.0,100000.0,100000.0,0.0,0.0,71628.69485265552,0.016800013950893034,-0.2837130514734447
2024-06-07,177.47999572753906,0,0.0,0.0,100000.0,100000.0,0.0,0.0,71443.52187251793,-0.0025851787543874627,-0.28556478127482054
2024-06-10,173.7899932861328,0,0.0,0.0,100000.0,100000.0,0.0,0.0,69958.13322884812,-0.020791089307163446,-0.3004186677115186
2024-06-11,170.66000366210938,0,0.0,0.0,100000.0,100000.0,0.0,0.0,68698.17443040435,-0.018010183238054256,-0.3130182556959563
2024-06-12,177.2899932861328,0,0.0,0.0,100000.0,100000.0,0.0,0.0,71367.03751425099,0.038849112163094945,-0.2863296248574899
2024-06-13,182.47000122070312,0,0.0,0.0,100000.0,100000.0,0.0,0.0,73452.21905066154,0.029217711832219218,-0.2654778094933843
2024-06-14,178.00999450683594,0,0.0,0.0,100000.0,100000.0,0.0,0.0,71656.86974434926,-0.024442410719735963,-0.28343130255650717
2024-06-17,187.44000244140625,0,0.0,0.0,100000.0,100000.0,0.0,0.0,75452.86362732045,0.052974598199923895,-0.24547136372679534
2024-06-18,184.86000061035156,0,0.0,0.0,100000.0,100000.0,0.0,0.0,74414.29915985753,-0.013764414198944475,-0.25585700840142445
2024-06-20,181.57000732421875,0,0.0,0.0,100000.0,100000.0,0.0,0.0,73089.93183420633,-0.017797215597047833,-0.26910068165793644
2024-06-21,183.00999450683594,0,0.0,0.0,100000.0,100000.0,0.0,0.0,73669.59015206763,0.00793075466503601,-0.26330409847932346
2024-06-24,182.5800018310547,0,0.0,0.0,100000.0,100000.0,0.0,0.0,73496.49914532476,-0.0023495584322591467,-0.2650350085467521
2024-06-25,187.35000610351562,0,0.0,0.0,100000.0,100000.0,0.0,0.0,75416.63613414197,0.026125557150967316,-0.2458336386585801
2024-06-26,196.3699951171875,0,0.0,0.0,100000.0,100000.0,0.0,0.0,79047.57932718458,0.04814512260377568,-0.20952420672815408
2024-06-27,197.4199981689453,0,0.0,0.0,100000.0,100000.0,0.0,0.0,79470.25184127247,0.0053470646120410414,-0.20529748158727512
2024-06-28,197.8800048828125,0,0.0,0.0,100000.0,100000.0,0.0,0.0,79655.42482141007,0.002330091774560339,-0.2034457517858993
2024-07-01,209.86000061035156,0,0.0,0.0,100000.0,100000.0,0.0,0.0,84477.90119844946,0.060541719385108106,-0.15522098801550543
2024-07-02,231.25999450683594,0,0.0,0.0,100000.0,100000.0,0.0,0.0,93092.34208655005,0.10197271435359356,-0.0690765791344996
2024-07-03,246.38999938964844,0,0.0,0.0,100000.0,100000.0,0.0,0.0,99182.83600585315,0.06542422054051045,-0.008171639941468634
2024-07-05,251.52000427246094,0,0.0,0.0,100000.0,100000.0,0.0,0.0,101247.88910971949,0.02082067005771515,0.012478891097194689
2024-07-08,252.94000244140625,0,0.0,0.0,100000.0,100000.0,0.0,0.0,101819.50096843128,0.005645666924397386,0.018195009684312646
2024-07-09,262.3299865722656,0,0.0,0.0,100000.0,100000.0,0.0,0.0,105599.38350609777,0.03712336538398886,0.05599383506097744
2024-07-10,263.260009765625,0,0.0,0.0,100000.0,100000.0,0.0,0.0,105973.75883828296,0.003545241645880992,0.059737588382829276
2024-07-11,241.02999877929688,0,0.0,0.0,100000.0,100000.0,0.0,0.0,97025.19948308563,-0.08444127539962909,-0.029748005169144
2024-07-12,248.22999572753906,0,0.0,0.0,100000.0,100000.0,0.0,0.0,99923.51564173306,0.029871787680814776,-0.0007648435826697053
2024-07-15,252.63999938964844,0,0.0,0.0,100000.0,100000.0,0.0,0.0,101698.73651550114,0.01776579679334911,0.01698736515501098
2024-07-16,256.55999755859375,0,0.0,0.0,100000.0,100000.0,0.0,0.0,103276.70857807212,0.015516142251486675,0.03276708578072074
2024-07-17,248.5,0,0.0,0.0,100000.0,100000.0,0.0,0.0,100032.20426360374,-0.031415644041518864,0.0003220426360368567
2024-07-18,249.22999572753906,0,0.0,0.0,100000.0,100000.0,0.0,0.0,100326.05972327675,0.002937608561525362,0.0032605972327670596
2024-07-19,239.1999969482422,0,0.0,0.0,100000.0,100000.0,0.0,0.0,96288.54307678048,-0.040243947162209914,-0.03711456923219558
2024-07-22,251.50999450683594,0,0.0,0.0,100000.0,100000.0,0.0,0.0,101243.85973780951,0.05146320115237035,0.012438597378094718
2024-07-23,246.3800048828125,0,0.0,0.0,100000.0,100000.0,0.0,0.0,99178.8127762784,-0.020396762498772314,-0.008211872237216422
2024-07-24,215.99000549316406,0,0.0,0.0,100000.0,100000.0,0.0,0.0,86945.49838385946,-0.12334604589403697,-0.13054501616140568
2024-07-25,220.25,0,0.0,0.0,100000.0,100000.0,0.0,0.0,88660.33395999485,0.019723109396239114,-0.11339666040005181
2024-07-26,219.8000030517578,0,0.0,0.0,100000.0,100000.0,0.0,0.0,88479.19035176723,-0.0020431189477512213,-0.11520809648232799
2024-07-29,232.10000610351562,0,0.0,0.0,100000.0,100000.0,0.0,0.0,93430.48378322151,0.055959976710562076,-0.06569516216778515
2024-07-30,222.6199951171875,0,0.0,0.0,100000.0,100000.0,0.0,0.0,89614.3614677061,-0.04084450985365362,-0.10385638532293928
2024-07-31,232.07000732421875,0,0.0,0.0,100000.0,100000.0,0.0,0.0,93418.40795216202,0.0424490720254338,-0.06581592047838014
2024-08-01,216.86000061035156,0,0.0,0.0,100000.0,100000.0,0.0,0.0,87295.70976925519,-0.06554059651757449,-0.1270429023074483
2024-08-02,207.6699981689453,0,0.0,0.0,100000.0,100000.0,0.0,0.0,83596.32867709517,-0.042377581921705376,-0.16403671322904856
2024-08-05,198.8800048828125,0,0.0,0.0,100000.0,100000.0,0.0,0.0,80057.96890295374,-0.04232673647438434,-0.19942031097046276
2024-08-06,200.63999938964844,0,0.0,0.0,100000.0,100000.0,0.0,0.0,80766.44427522994,0.008849529684359148,-0.1923355572477008
2024-08-07,191.75999450683594,0,0.0,0.0,100000.0,100000.0,0.0,0.0,77191.8508655748,-0.04425839767656359,-0.22808149134425215
2024-08-08,198.83999633789062,0,0.0,0.0,100000.0,100000.0,0.0,0.0,80041.86369998427,0.036921162045623346,-0.19958136300015739
2024-08-09,200.0,0,0.0,0.0,100000.0,100000.0,0.0,0.0,80508.81630873539,0.005833854775063374,-0.19491183691264613
2024-08-12,197.49000549316406,0,0.0,0.0,100000.0,100000.0,0.0,0.0,79498.43287530144,-0.012549972534179665,-0.2050156712469856
2024-08-13,207.8300018310547,0,0.0,0.0,100000.0,100000.0,0.0,0.0,83660.7372043026,0.052357061371637315,-0.16339262795697418
2024-08-14,201.3800048828125,0,0.0,0.0,100000.0,100000.0,0.0,0.0,81064.32910681293,-0.0310349655555765,-0.18935670893187084
2024-08-15,214.13999938964844,0,0.0,0.0,100000.0,100000.0,0.0,0.0,86200.78937606957,0.06336276788880446,-0.13799210623930447
2024-08-16,216.1199951171875,0,0.0,0.0,100000.0,100000.0,0.0,0.0,86997.82493767218,0.009246267550119036,-0.13002175062327848
2024-08-19,222.72000122070312,0,0.0,0.0,100000.0,100000.0,0.0,0.0,89654.61833279455,0.030538618603692447,-0.10345381667205478
2024-08-20,221.10000610351562,0,0.0,0.0,100000.0,100000.0,0.0,0.0,89002.49888624107,-0.007273684933137958,-0.10997501113758956
2024-08-21,223.27000427246094,0,0.0,0.0,100000.0,100000.0,0.0,0.0,89876.01880611062,0.009814554993405666,-0.1012398119388942
2024-08-22,210.66000366210938,0,0.0,0.0,100000.0,100000.0,0.0,0.0,84799.93769215143,-0.056478704568676985,-0.15200062307848594
2024-08-23,220.32000732421875,0,0.0,0.0,100000.0,100000.0,0.0,0.0,88688.51499402382,0.0458558981020607,-0.11311485005976207
2024-08-26,213.2100067138672,0,0.0,0.0,100000.0,100000.0,0.0,0.0,85826.42632855487,-0.03227124352755051,-0.1417357367144516
2024-08-27,209.2100067138672,0,0.0,0.0,100000.0,100000.0,0.0,0.0,84216.25000238015,-0.018760845523390968,-0.15783749997619878
2024-08-28,205.75,0,0.0,0.0,100000.0,100000.0,0.0,0.0,82823.44477761153,-0.016538437946705842,-0.17176555222388512
2024-08-29,206.27999877929688,0,0.0,0.0,100000.0,100000.0,0.0,0.0,83036.79264944285,0.002575935743848623,-0.16963207350557186
2024-08-30,214.11000061035156,0,0.0,0.0,100000.0,100000.0,0.0,0.0,86188.71354501008,0.03795812428442069,-0.13811286454989968
2024-09-03,210.60000610351562,0,0.0,0.0,100000.0,100000.0,0.0,0.0,84775.78603003245,-0.016393416920415627,-0.15224213969967593
2024-09-04,219.41000366210938,0,0.0,0.0,100000.0,100000.0,0.0,0.0,88322.19840565861,0.041832845694521836,-0.11677801594341453
2024-09-05,230.1699981689453,0,0.0,0.0,100000.0,100000.0,0.0,0.0,92653.5705118279,0.04904058305110981,-0.07346429488172157
2024-09-06,210.72999572753906,0,0.0,0.0,100000.0,100000.0,0.0,0.0,84828.11258384518,-0.0844593239607937,-0.15171887416154872
2024-09-09,216.27000427246094,0,0.0,0.0,100000.0,100000.0,0.0,0.0,87058.21023530488,0.026289605928169646,-0.12941789764695177
2024-09-10,226.1699981689453,0,0.0,0.0,100000.0,100000.0,0.0,0.0,91043.39418565319,0.04577608406578726,-0.08956605814346885
2024-09-11,228.1300048828125,0,0.0,0.0,100000.0,100000.0,0.0,0.0,91832.3832881063,0.008666077418469476,-0.08167616711893777
2024-09-12,229.80999755859375,0,0.0,0.0,100000.0,100000.0,0.0,0.0,92508.65439677877,0.007364189890953776,-0.07491345603221311
2024-09-13,230.2899932861328,0,0.0,0.0,100000.0,100000.0,0.0,0.0,92701.87383606586,0.0020886633855721204,-0.07298126163934215
2024-09-16,226.77999877929688,0,0.0,0.0,100000.0,100000.0,0.0,0.0,91288.94632108824,-0.015241628421408637,-0.08711053678911829
2024-09-17,227.8699951171875,0,0.0,0.0,100000.0,100000.0,0.0,0.0,91727.71789581039,0.004806404196833203,-0.08272282104189665
2024-09-18,227.1999969482422,0,0.0,0.0,100000.0,100000.0,0.0,0.0,91458.01409825636,-0.0029402649901349998,-0.08541985901743698
2024-09-19,243.9199981689453,0,0.0,0.0,100000.0,100000.0,0.0,0.0,98188.55163305346,0.07359155565707187,-0.018114483669466108
2024-09-20,238.25,0,0.0,0.0,100000.0,100000.0,0.0,0.0,95906.12742778103,-0.02324531900421767,-0.04093872572219037
2024-09-23,250.0,0,0.0,0.0,100000.0,100000.0,0.0,0.0,100636.02038591924,0.04931794333683115,0.006360203859191671
2024-09-24,254.27000427246094,0,0.0,0.0,100000.0,100000.0,0.0,0.0,102354.8853339646,0.017080017089843746,0.023548853339645293
2024-09-25,257.0199890136719,0,0.0,0.0,100000.0,100000.0,0.0,0.0,103461.87541587449,0.010815214909361437,0.034618754158743936
2024-09-26,254.22000122070312,0,0.0,0.0,100000.0,100000.0,0.0,0.0,102334.75690142038,-0.01089404681602335,0.023347569014202874
2024-09-27,260.4599914550781,0,0.0,0.0,100000.0,100000.0,0.0,0.0,104846.62803915836,0.02454563057356629,0.04846628039158274
2024-09-30,261.6300048828125,0,0.0,0.0,100000.0,100000.0,0.0,0.0,105317.61001981948,0.004492104223754456,0.053176100198193854
2024-10-01,258.0199890136719,0,0.0,0.0,100000.0,100000.0,0.0,0.0,103864.41949741816,-0.013798172234708361,0.0386441949741807
2024-10-02,249.02000427246094,0,0.0,0.0,100000.0,100000.0,0.0,0.0,100241.5289058603,-0.03488095932262847,0.0024152890586022213
2024-10-03,240.66000366210938,0,0.0,0.0,100000.0,100000.0,0.0,0.0,96876.26013846174,-0.03357160254966751,-0.031237398615383216
2024-10-04,250.0800018310547,0,0.0,0.0,100000.0,100000.0,0.0,0.0,100668.22464952296,0.03914235030998814,0.00668224649522875
2024-10-07,240.8300018310547,0,0.0,0.0,100000.0,100000.0,0.0,0.0,96944.69189524394,-0.03698816351676526,-0.03055308104756138
2024-10-08,244.5,0,0.0,0.0,100000.0,100000.0,0.0,0.0,98422.02793742901,0.015238957526229946,-0.015779720625710647
2024-10-09,241.0500030517578,0,0.0,0.0,100000.0,100000.0,0.0,0.0,97033.25208457037,-0.014110416966225725,-0.029667479154297016
2024-10-10,238.77000427246094,0,0.0,0.0,100000.0,100000.0,0.0,0.0,96115.45207003762,-0.0094586133600143,-0.038845479299624563
2024-10-11,217.8000030517578,0,0.0,0.0,100000.0,100000.0,0.0,0.0,87674.10218867988,-0.08782510719719316,-0.12325897811320186
2024-10-14,219.16000366210938,0,0.0,0.0,100000.0,100000.0,0.0,0.0,88221.56238527269,0.006244263504570968,-0.11778437614727388
2024-10-15,219.57000732421875,0,0.0,0.0,100000.0,100000.0,0.0,0.0,88386.60693286605,0.0018707960177875016,-0.11613393067134026
2024-10-16,221.3300018310547,0,0.0,0.0,100000.0,100000.0,0.0,0.0,89095.08230514225,0.008015641700267029,-0.1090491769485783
2024-10-17,220.88999938964844,0,0.0,0.0,100000.0,100000.0,0.0,0.0,88917.9619264894,-0.001987992760882462,-0.1108203807351068
2024-10-18,220.6999969482422,0,0.0,0.0,100000.0,100000.0,0.0,0.0,88841.47756822246,-0.0008601676940163117,-0.11158522431777618
2024-10-21,218.85000610351562,0,0.0,0.0,100000.0,100000.0,0.0,0.0,88096.77470276778,-0.008382378207102748,-0.1190322529723229
2024-10-22,217.97000122070312,0,0.0,0.0,100000.0,100000.0,0.0,0.0,87742.53394546208,-0.004021041161845984,-0.12257466054537991
2024-10-23,213.64999389648438,0,0.0,0.0,100000.0,100000.0,0.0,0.0,86003.5405648725,-0.019819274670942244,-0.13996459435127573
2024-10-24,260.4800109863281,1,1.0,383.5227110967969,0.0,99900.0,-0.0010000000000000009,-0.0010000000000000009,104854.68678297833,0.21919035070290405,0.04854686782978246
2024-10-25,269.19000244140625,1,0.0,383.5227110967969,0.0,103240.4795364815,0.03343823359841358,0.03240479536481522,108360.84229351603,0.03343823359841336,0.08360842293515947
2024-10-28,262.510009765625,1,0.0,383.5227110967969,0.0,100678.55063535913,-0.024815158866218545,0.006785506353591542,105671.85077712518,-0.024815158866218545,0.05671850777125087
2024-10-29,259.5199890136719,1,0.0,383.5227110967969,0.0,99531.80977033438,-0.011390120912428081,-0.004681902296655993,104468.23561973368,-0.01139012091242797,0.04468235619733596
2024-10-30,257.54998779296875,1,0.0,383.5227110967969,0.0,98776.26956130633,-0.007590942139718226,-0.012237304386936487,103675.22328770583,-0.007590942139718226,0.036752232877057533
2024-10-31,249.85000610351562,1,0.0,383.5227110967969,0.0,95823.15170837157,-0.029897037679701755,-0.04176848291628399,100575.64123062177,-0.029897037679701977,0.00575641230621704
2024-11-01,248.97999572753906,1,0.0,383.5227110967969,0.0,95489.48297029469,-0.003482130697311736,-0.045105170297052743,100225.42370289082,-0.003482130697311625,0.002254237028907591
2024-11-04,242.83999633789062,0,-1.0,0.0,93041.51910448581,93041.51910448581,-0.025635952668948914,-0.06958480895514152,97753.80328790606,-0.024660613282231236,-0.022461967120940063
2024-11-05,251.44000244140625,0,0.0,0.0,93041.51910448581,93041.51910448581,0.0,-0.06958480895514152,101215.68484611576,0.03541429020427689,0.012156848461156944
2024-11-06,288.5299987792969,0,0.0,0.0,93041.51910448581,93041.51910448581,0.0,-0.06958480895514152,116146.0433564103,0.14751032444224488,0.16146043356410233
2024-11-07,296.9100036621094,1,1.0,313.05269758158397,0.0,92948.47758538132,-0.0010000000000000009,-0.07051522414618638,119519.36472529359,0.02904379065700735,0.1951936472529352
2024-11-08,321.2200012207031,1,0.0,313.05269758158397,0.0,100558.7878993008,0.08187665372925279,0.005587878993008388,129305.21036484672,0.08187665372925279,0.29305210364846657
2024-11-11,350.0,1,0.0,313.05269758158397,0.0,109568.44415355439,0.08959591143119017,0.09568444153554445,140890.42854028693,0.08959591143119017,0.4089042854028686
2024-11-12,328.489990234375,1,0.0,313.05269758158397,0.0,102834.67757141926,-0.06145717075892865,0.028346775714193084,132231.70141518788,-0.06145717075892865,0.3223170141518781
2024-11-13,330.239990234375,1,0.0,313.05269758158397,0.0,103382.51979218704,0.005327407385386174,0.033825197921870886,132936.15355788934,0.005327407385386174,0.3293615355788926
2024-11-14,311.17999267578125,1,0.0,313.05269758158397,0.0,97415.73614057087,-0.05771559508909463,-0.025842638594290923,125263.66434644048,-0.05771559508909474,0.25263664346440406
2024-11-15,320.7200012207031,1,0.0,313.05269758158397,0.0,100402.26155051001,0.030657525449785616,0.004022615505100635,129103.9383240749,0.03065752544978584,0.2910393832407483
2024-11-18,338.739990234375,1,0.0,313.05269758158397,0.0,106043.4677216305,0.056186046847984006,0.06043467721630558,136357.77825101058,0.056186046847983784,0.363577782510105
2024-11-19,346.0,1,0.0,313.05269758158397,0.0,108316.23336322805,0.021432396454288627,0.0831623336322811,139280.25221411223,0.02143239645428885,0.39280252214112155
2024-11-20,342.0299987792969,1,0.0,313.05269758158397,0.0,107073.41377168476,-0.011473991967349995,0.07073413771684822,137682.151718997,-0.011473991967350217,0.37682151718996915
2024-11-21,339.6400146484375,1,0.0,313.05269758158397,0.0,106325.22279234206,-0.006987644766217049,0.06325222792342111,136720.07775213625,-0.006987644766216938,0.3672007775213617
2024-11-22,352.55999755859375,1,0.0,313.05269758158397,0.0,110369.85829507443,0.038040225983177356,0.10369858295074486,141920.94040626512,0.03804022598317758,0.4192094040626504
2024-11-25,338.5899963378906,1,0.0,313.05269758158397,0.0,105996.5117277153,-0.03962446482142756,0.05996511727715359,136297.39909571313,-0.039624464821427674,0.36297399095713057
2024-11-26,338.2300109863281,1,0.0,313.05269758158397,0.0,105883.8173423188,-0.001063189566898215,0.05883817342318842,136152.48912299922,-0.001063189566898104,0.36152489122999154
2024-11-27,332.8900146484375,1,0.0,313.05269758158397,0.0,104212.11708366637,-0.015788061864523417,0.04212117083666422,134002.90520171644,-0.015788061864523528,0.3400290520171638
2024-11-29,345.1600036621094,1,0.0,313.05269758158397,0.0,108053.27024369274,0.03685898787510977,0.080532702436928,138942.116659776,0.03685898787510977,0.3894211665977594
2024-12-02,357.0899963378906,1,0.0,313.05269758158397,0.0,111787.9866329746,0.034563659025395044,0.11787986632974667,143744.46460427114,0.034563659025395044,0.43744464604271105
2024-12-03,351.4200134277344,1,0.0,313.05269758158397,0.0,110012.98318770871,-0.01587830229999243,0.1001298318770878,141462.04654133396,-0.01587830229999243,0.4146204654133392
2024-12-04,357.92999267578125,1,0.0,313.05269758158397,0.0,112050.94975250991,0.018524782309774723,0.12050949752509998,144082.60015860738,0.018524782309774723,0.44082600158607343
2024-12-05,369.489990234375,1,0.0,313.05269758158397,0.0,115669.83817226421,0.03229681165351517,0.15669838172264305,148736.00875847865,0.03229681165351517,0.4873600875847861
2024-12-06,389.2200012207031,1,0.0,313.05269758158397,0.0,121846.37133484852,0.053397958017247005,0.21846371334848635,156678.20790981676,0.05339795801724678,0.566782079098167
2024-12-09,389.7900085449219,1,0.0,313.05269758158397,0.0,122024.81366533646,0.0014644862094215227,0.22024813665336573,156907.66098461757,0.0014644862094215227,0.569076609846175
2024-12-10,400.989990234375,1,0.0,313.05269758158397,0.0,125530.99814608411,0.02873337295448497,0.25530998146084216,161416.14732710447,0.02873337295448497,0.6141614732710441
2024-12-11,424.7699890136719,1,0.0,313.05269758158397,0.0,132975.39091242978,0.05930322291934953,0.3297539091242989,170988.6450948263,0.05930322291934953,0.7098864509482625
2024-12-12,418.1000061035156,1,0.0,313.05269758158397,0.0,130887.33476958229,-0.01570257570607614,0.30887334769582386,168303.68295034542,-0.015702575706076027,0.6830368295034537
2024-12-13,436.2300109863281,1,0.0,313.05269758158397,0.0,136562.98170531404,0.04336284290396253,0.36562981705314135,175601.80911427957,0.04336284290396253,0.7560180911427952
2024-12-16,463.0199890136719,1,0.0,313.05269758158397,0.0,144949.65659492536,0.06141250567967771,0.4494965659492547,186385.95621387192,0.06141250567967749,0.8638595621387184
2024-12-17,479.8599853515625,1,0.0,313.05269758158397,0.0,150221.462875766,0.036369912179738284,0.5022146287576612,193164.79707290698,0.036369912179738284,0.931647970729069
2024-12-18,440.1300048828125,1,0.0,313.05269758158397,0.0,137783.88531516018,-0.0827949436951747,0.3778388531516028,177171.7285753658,-0.0827949436951747,0.7717172857536572
2024-12-19,436.1700134277344,1,0.0,313.05269758158397,0.0,136544.19930774794,-0.008997322180142042,0.3654419930774804,175577.65745216058,-0.00899732218014182,0.7557765745216052
2024-12-20,421.05999755859375,1,0.0,313.05269758158397,0.0,131813.96807941294,-0.034642491239586404,0.31813968079413035,169495.20999200697,-0.034642491239586626,0.6949520999200691
2024-12-23,430.6000061035156,1,0.0,313.05269758158397,0.0,134800.49348935208,0.022657123925894362,0.3480049348935219,173335.48396964138,0.022657123925894584,0.7333548396964134
2024-12-24,462.2799987792969,1,0.0,313.05269758158397,0.0,144718.00065587024,0.07357174228224572,0.4471800065587035,186088.07752462415,0.0735717422822455,0.8608807752462408
2024-12-26,454.1300048828125,1,0.0,313.05269758158397,0.0,142166.62308130236,-0.017629994630971257,0.42166623081302457,182807.3457169773,-0.017629994630971146,0.8280734571697721
2024-12-27,431.6600036621094,1,0.0,313.05269758158397,0.0,135132.32858449974,-0.04947922616674827,0.3513232858449984,173762.17971330407,-0.04947922616674805,0.7376217971330399
2024-12-30,417.4100036621094,1,0.0,313.05269758158397,0.0,130671.32764396218,-0.03301209257078741,0.30671327643962276,168025.92655130665,-0.03301209257078752,0.6802592655130657
2024-12-31,403.8399963378906,1,0.0,313.05269758158397,0.0,126423.20024491365,-0.03251001941775111,0.26423200244913736,162563.40041643803,-0.032510019417751224,0.6256340041643795
2025-01-02,379.2799987792969,1,0.0,313.05269758158397,0.0,118734.62675659877,-0.06081615932376472,0.1873462675659885,152676.91875649898,-0.06081615932376472,0.5267691875649891
2025-01-03,410.44000244140625,1,0.0,313.05269758158397,0.0,128489.34995967413,0.08215567328200013,0.28489349959674204,165220.1938115604,0.08215567328200013,0.6522019381156032
2025-01-06,411.04998779296875,1,0.0,313.05269758158397,0.0,128680.30751946603,0.0014861742226248698,0.2868030751946611,165465.7398046602,0.0014861742226246477,0.6546573980466011
2025-01-07,394.3599853515625,1,0.0,313.05269758158397,0.0,123455.45723254058,-0.040603340073111616,0.23455457232540655,158747.27810092262,-0.040603340073111394,0.5874727810092253
2025-01-08,394.94000244140625,1,0.0,313.05269758158397,0.0,123637.03314715959,0.0014707807875757872,0.23637033147159658,158980.76054763343,0.0014707807875760093,0.5898076054763335
2025-01-10,394.739990234375,1,0.0,313.05269758158397,0.0,123574.41878619921,-0.0005064369418008585,0.2357441878619928,158900.2468174565,-0.0005064369418009695,0.589002468174564
2025-01-13,403.30999755859375,1,0.0,313.05269758158397,0.0,126257.28269733982,0.021710512074366584,0.2625728269733989,162350.0525446067,0.021710512074366584,0.6235005254460662
2025-01-14,396.3599853515625,1,0.0,313.05269758158397,0.0,124081.56262770375,-0.017232432245921525,0.24081562627703823,159552.36626400996,-0.017232432245921525,0.5955236626400988
2025-01-15,428.2200012207031,1,0.0,313.05269758158397,0.0,134055.4265405303,0.08038151439752794,0.34055426540530354,172377.42709002015,0.08038151439752816,0.7237742709002009
2025-01-16,413.82000732421875,1,0.0,313.05269758158397,0.0,129547.46960607752,-0.03362756026209679,0.2954746960607757,166580.7947727253,-0.0336275602620969,0.6658079477272523
2025-01-17,426.5,0,-1.0,0.0,133383.45854302702,133383.45854302702,0.029610682081354645,0.3338345854302709,171685.0507783782,0.030641323404759335,0.7168505077837815
2025-01-21,424.07000732421875,0,0.0,0.0,133383.45854302702,133383.45854302702,0.0,0.3338345854302709,170706.87160854798,-0.00569752092797482,0.7070687160854792
2025-01-22,415.1099853515625,0,0.0,0.0,133383.45854302702,133383.45854302702,0.0,0.3338345854302709,167100.06779295392,-0.021128638710367298,0.6710006779295385
2025-01-23,412.3800048828125,0,0.0,0.0,133383.45854302702,133383.45854302702,0.0,0.3338345854302709,166001.13031252875,-0.006576523247057042,0.6600113031252868
2025-01-24,406.5799865722656,0,0.0,0.0,133383.45854302702,133383.45854302702,0.0,0.3338345854302709,163666.36726877317,-0.01406474184458828,0.636663672687731
2025-01-27,397.1499938964844,0,0.0,0.0,133383.45854302702,133383.45854302702,0.0,0.3338345854302709,159870.37952813721,-0.023193450212053546,0.5987037952813714
2025-01-28,398.0899963378906,0,0.0,0.0,133383.45854302702,133383.45854302702,0.0,0.3338345854302709,160248.7719475619,0.0023668700890153715,0.6024877194756182
2025-01-29,389.1000061035156,0,0.0,0.0,133383.45854302702,133383.45854302702,0.0,0.3338345854302709,156629.9045855788,-0.02258280870425211,0.566299045855787
2025-01-30,400.2799987792969,0,0.0,0.0,133383.45854302702,133383.45854302702,0.0,0.3338345854302709,161130.34446891618,0.028732954254456988,0.611303444689161
2025-01-31,404.6000061035156,0,0.0,0.0,133383.45854302702,133383.45854302702,0.0,0.3338345854302709,162869.3378495058,0.01079246361894981,0.6286933784950572
2025-02-03,383.67999267578125,0,0.0,0.0,133383.45854302702,133383.45854302702,0.0,0.3338345854302709,154448.11025835705,-0.051705420445253614,0.5444811025835696
2025-02-04,392.2099914550781,0,0.0,0.0,133383.45854302702,133383.45854302702,0.0,0.3338345854302709,157881.8107825378,0.022232065633156273,0.5788181078253771
2025-02-05,378.1700134277344,0,0.0,0.0,133383.45854302702,133383.45854302702,0.0,0.3338345854302709,152230.1007226273,-0.035797094243459116,0.5223010072262724
2025-02-06,374.32000732421875,0,0.0,0.0,133383.45854302702,133383.45854302702,0.0,0.3338345854302709,150680.30355175005,-0.010180622383618387,0.5068030355174997
2025-02-07,361.6199951171875,0,0.0,0.0,133383.45854302702,133383.45854302702,0.0,0.3338345854302709,145567.9888022772,-0.03392822173149579,0.45567988802277104
2025-02-10,350.7300109863281,0,0.0,0.0,133383.45854302702,133383.45854302702,0.0,0.3338345854302709,141184.29014229518,-0.030114441341470455,0.411842901422951
2025-02-11,328.5,0,0.0,0.0,133383.45854302702,133383.45854302702,0.0,0.3338345854302709,132235.73078709788,-0.06338211812502881,0.32235730787097805
2025-02-12,336.510009765625,0,0.0,0.0,133383.45854302702,133383.45854302702,0.0,0.3338345854302709,135460.11281135728,0.0243835913717656,0.3546011281135719
2025-02-13,355.94000244140625,0,0.0,0.0,133383.45854302702,133383.45854302702,0.0,0.3338345854302709,143281.54136743,0.05773971683431944,0.4328154136742992
2025-02-14,355.8399963378906,0,0.0,0.0,133383.45854302702,133383.45854302702,0.0,0.3338345854302709,143241.28450234156,-0.00028096337256178217,0.4324128450234148
2025-02-18,354.1099853515625,0,0.0,0.0,133383.45854302702,133383.45854302702,0.0,0.3338345854302709,142544.87881878964,-0.004861766535893763,0.42544878818789567
2025-02-19,360.55999755859375,0,0.0,0.0,133383.45854302702,133383.45854302702,0.0,0.3338345854302709,145141.2930586145,0.018214714280444744,0.4514129305861443
2025-02-20,354.3999938964844,0,0.0,0.0,133383.45854302702,133383.45854302702,0.0,0.3338345854302709,142661.62004214502,-0.01708454543992577,0.42661620042144954
2025-02-21,337.79998779296875,0,0.0,0.0,133383.45854302702,133383.45854302702,0.0,0.3338345854302709,135979.38583158588,-0.046839747148427646,0.3597938583158582
2025-02-24,330.5299987792969,0,0.0,0.0,133383.45854302702,133383.45854302702,0.0,0.3338345854302709,133052.89478124471,-0.021521578674915554,0.33052894781244646
2025-02-25,302.79998779296875,0,0.0,0.0,133383.45854302702,133383.45854302702,0.0,0.3338345854302709,121890.34297755719,-0.0838955952220366,0.2189034297755712
2025-02-26,290.79998779296875,0,0.0,0.0,133383.45854302702,133383.45854302702,0.0,0.3338345854302709,117059.81399903307,-0.039630120487999076,0.17059813999033002
2025-02-27,281.95001220703125,0,0.0,0.0,133383.45854302702,133383.45854302702,0.0,0.3338345854302709,113497.3087051079,-0.030433204805490166,0.13497308705107836
2025-02-28,292.9800109863281,0,0.0,0.0,133383.45854302702,133383.45854302702,0.0,0.3338345854302709,117937.36943314783,0.039120405397243596,0.17937369433147765
2025-03-03,284.6499938964844,0,0.0,0.0,133383.45854302702,133383.45854302702,0.0,0.3338345854302709,114584.17035447355,-0.02843203214376444,0.1458417035447348
2025-03-04,272.0400085449219,0,0.0,0.0,133383.45854302702,133383.45854302702,0.0,0.3338345854302709,109508.0953828496,-0.04429996705409467,0.09508095382849535
2025-03-05,279.1000061035156,0,0.0,0.0,133383.45854302702,133383.45854302702,0.0,0.3338345854302709,112350.05561577434,0.025952056083059505,0.12350055615774269
2025-03-06,263.45001220703125,0,0.0,0.0,133383.45854302702,133383.45854302702,0.0,0.3338345854302709,106050.24319654987,-0.056073068986892016,0.060502431965498094
2025-03-07,262.6700134277344,0,0.0,0.0,133383.45854302702,133383.45854302702,0.0,0.3338345854302709,105736.25930433263,-0.0029607088371811363,0.057362593043325694
2025-03-10,222.14999389648438,0,0.0,0.0,133383.45854302702,133383.45854302702,0.0,0.3338345854302709,89425.16525799375,-0.1542620682219512,-0.105748347420063
2025-03-11,230.5800018310547,0,0.0,0.0,133383.45854302702,133383.45854302702,0.0,0.3338345854302709,92818.61505942127,0.037947369642955975,-0.07181384940578794
2025-03-12,248.08999633789062,0,0.0,0.0,133383.45854302702,133383.45854302702,0.0,0.3338345854302709,99867.15971601036,0.0759389121683911,-0.0013284028398969916
2025-03-13,240.67999267578125,0,0.0,0.0,133383.45854302702,133383.45854302702,0.0,0.3338345854302709,96884.30659761126,-0.02986820819658198,-0.031156934023887972
2025-03-14,249.97999572753906,0,0.0,0.0,133383.45854302702,133383.45854302702,0.0,0.3338345854302709,100627.9677844345,0.038640532386444715,0.006279677844344356
2025-03-17,238.00999450683594,0,0.0,0.0,133383.45854302702,133383.45854302702,0.0,0.3338345854302709,95809.51463696988,-0.04788383640805227,-0.04190485363030172
2025-03-18,225.30999755859375,0,0.0,0.0,133383.45854302702,133383.45854302702,0.0,0.3338345854302709,90697.20602983222,-0.05335909096824687,-0.09302793970167822
2025-03-19,235.86000061035156,0,0.0,0.0,133383.45854302702,133383.45854302702,0.0,0.3338345854302709,94944.04731858506,0.046824389357219776,-0.05055952681414977
2025-03-20,236.25999450683594,0,0.0,0.0,133383.45854302702,133383.45854302702,0.0,0.3338345854302709,95105.06249426844,0.0016958954271570903,-0.048949375057316
2025-03-21,248.7100067138672,0,0.0,0.0,133383.45854302702,133383.45854302702,0.0,0.3338345854302709,100116.74122335539,0.052696235065183616,0.0011674122335534332
2025-03-24,278.3900146484375,0,0.0,0.0,133383.45854302702,133383.45854302702,0.0,0.3338345854302709,112064.25275758604,0.11933580126800525,0.1206425275758598
2025-03-25,288.1400146484375,0,0.0,0.0,133383.45854302702,133383.45854302702,0.0,0.3338345854302709,115989.05755263689,0.03502280788451673,0.15989057552636843
2025-03-26,272.05999755859375,0,0.0,0.0,133383.45854302702,133383.45854302702,0.0,0.3338345854302709,109516.14184199911,-0.05580626179068926,0.0951614184199907
2025-03-27,273.1300048828125,0,0.0,0.0,133383.45854302702,133383.45854302702,0.0,0.3338345854302709,109946.86695757176,0.0039329829222258805,0.0994686695757172
2025-03-28,263.54998779296875,0,0.0,0.0,133383.45854302702,133383.45854302702,0.0,0.3338345854302709,106090.48777696789,-0.03507493471452938,0.060904877769678345
2025-03-31,259.1600036621094,0,0.0,0.0,133383.45854302702,133383.45854302702,0.0,0.3338345854302709,104323.32564701978,-0.016657121359109794,0.04323325647019738
2025-04-01,268.4599914550781,0,0.0,0.0,133383.45854302702,133383.45854302702,0.0,0.3338345854302709,108066.98069150778,0.0358851198547363,0.0806698069150773
2025-04-02,282.760009765625,0,0.0,0.0,133383.45854302702,133383.45854302702,0.0,0.3338345854302709,113823.36842838462,0.05326685079977622,0.13823368428384564
2025-04-03,267.2799987792969,0,0.0,0.0,133383.45854302702,133383.45854302702,0.0,0.3338345854302709,107591.98162360715,-0.05474611137253538,0.07591981623607102
2025-04-04,239.42999267578125,0,0.0,0.0,133383.45854302702,133383.45854302702,0.0,0.3338345854302709,96381.12649568166,-0.10419786826814681,-0.03618873504318387
2025-04-07,233.2899932861328,0,0.0,0.0,133383.45854302702,133383.45854302702,0.0,0.3338345854302709,93909.5060806969,-0.025644236634809414,-0.060904939193031415
2025-04-08,221.86000061035156,0,0.0,0.0,133383.45854302702,133383.45854302702,0.0,0.3338345854302709,89308.43017697358,-0.048994783337158565,-0.10691569823026459
2025-04-09,272.20001220703125,0,0.0,0.0,133383.45854302702,133383.45854302702,0.0,0.3338345854302709,109572.50391005704,0.22689989839624514,0.09572503910056995
2025-04-10,252.39999389648438,0,0.0,0.0,133383.45854302702,133383.45854302702,0.0,0.3338345854302709,101602.12372468997,-0.07274069589492627,0.0160212372468993
2025-04-11,252.30999755859375,0,0.0,0.0,133383.45854302702,133383.45854302702,0.0,0.3338345854302709,101565.89623151149,-0.00035656236159631316,0.015658962315114433
2025-04-14,252.35000610351562,0,0.0,0.0,133383.45854302702,133383.45854302702,0.0,0.3338345854302709,101582.00143448098,0.00015856900364252802,0.015820014344809286
2025-04-15,254.11000061035156,0,0.0,0.0,133383.45854302702,133383.45854302702,0.0,0.3338345854302709,102290.47680675716,0.0069744183248166,0.022904768067571135
2025-04-16,241.5500030517578,0,0.0,0.0,133383.45854302702,133383.45854302702,0.0,0.3338345854302709,97234.52412534221,-0.049427403598542585,-0.0276547587465783
2025-04-17,241.3699951171875,0,0.0,0.0,133383.45854302702,133383.45854302702,0.0,0.3338345854302709,97162.06299665003,-0.0007452201709629014,-0.028379370033500106
2025-04-21,227.5,0,0.0,0.0,133383.45854302702,133383.45854302702,0.0,0.3338345854302709,91578.77855118651,-0.05746362595919785,-0.0842122144881352
2025-04-22,237.97000122070312,0,0.0,0.0,133383.45854302702,133383.45854302702,0.0,0.3338345854302709,95793.41557633561,0.0460219833877058,-0.04206584423664428
2025-04-23,250.74000549316406,0,0.0,0.0,133383.45854302702,133383.45854302702,0.0,0.3338345854302709,100933.90521750225,0.05366224400956132,0.009339052175022067
2025-04-24,259.510009765625,0,0.0,0.0,133383.45854302702,133383.45854302702,0.0,0.3338345854302709,104464.21853249415,0.0349764859229853,0.04464218532494102
2025-04-25,284.95001220703125,0,0.0,0.0,133383.45854302702,133383.45854302702,0.0,0.3338345854302709,114704.94094973893,0.09803091011549903,0.14704940949738887
2025-04-28,285.8800048828125,0,0.0,0.0,133383.45854302702,133383.45854302702,0.0,0.3338345854302709,115079.30399725364,0.0032637046356942534,0.1507930399725359
2025-04-29,292.0299987792969,0,0.0,0.0,133383.45854302702,133383.45854302702,0.0,0.3338345854302709,117554.94764181315,0.021512501019458785,0.17554947641813112
2025-04-30,282.1600036621094,0,0.0,0.0,133383.45854302702,133383.45854302702,0.0,0.3338345854302709,113581.83952252434,-0.03379788089732105,0.13581839522524297
2025-05-01,280.5199890136719,0,0.0,0.0,133383.45854302702,133383.45854302702,0.0,0.3338345854302709,112921.66133215089,-0.005812356915055328,0.12921661332150847
2025-05-02,287.2099914550781,0,0.0,0.0,133383.45854302702,133383.45854302702,0.0,0.3338345854302709,115614.68222045172,0.023848576584252656,0.1561468222045168
2025-05-05,280.260009765625,0,0.0,0.0,133383.45854302702,133383.45854302702,0.0,0.3338345854302709,112817.00822452545,-0.024198258752220814,0.12817008224525406
2025-05-06,275.3500061035156,0,0.0,0.0,133383.45854302702,133383.45854302702,0.0,0.3338345854302709,110840.51530998554,-0.017519458684867262,0.1084051530998551
2025-05-07,276.2200012207031,0,0.0,0.0,133383.45854302702,133383.45854302702,0.0,0.3338345854302709,111190.72669538127,0.003159597232260225,0.11190726695381237
2025-05-08,284.82000732421875,0,0.0,0.0,133383.45854302702,133383.45854302702,0.0,0.3338345854302709,114652.60825359098,0.031134624811778755,0.1465260825359096
2025-05-09,298.260009765625,0,0.0,0.0,133383.45854302702,133383.45854302702,0.0,0.3338345854302709,120062.80169231162,0.047187704851461065,0.20062801692311605
2025-05-12,318.3800048828125,0,0.0,0.0,133383.45854302702,133383.45854302702,0.0,0.3338345854302709,128161.98664742314,0.0674579040381511,0.2816198664742313
2025-05-13,334.07000732421875,0,0.0,0.0,133383.45854302702,133383.45854302702,0.0,0.3338345854302709,134477.90426961708,0.049280740626853614,0.34477904269617077
2025-05-14,347.67999267578125,0,0.0,0.0,133383.45854302702,133383.45854302702,0.0,0.3338345854302709,139956.5233227847,0.04073991993646353,0.39956523322784676
2025-05-15,342.82000732421875,0,0.0,0.0,133383.45854302702,133383.45854302702,0.0,0.3338345854302709,138000.16498312424,-0.013978329078298546,0.3800016498312422
2025-05-16,349.9800109863281,0,0.0,0.0,133383.45854302702,133383.45854302702,0.0,0.3338345854302709,140882.38208113742,0.0208856061756566,0.4088238208113739
2025-05-19,342.0899963378906,0,0.0,0.0,133383.45854302702,133383.45854302702,0.0,0.3338345854302709,137706.303381116,-0.02254418652711465,0.37706303381116
2025-05-20,343.82000732421875,0,0.0,0.0,133383.45854302702,133383.45854302702,0.0,0.3338345854302709,138402.70906466793,0.005057180873010214,0.38402709064667917
2025-05-21,334.6199951171875,0,0.0,0.0,133383.45854302702,133383.45854302702,0.0,0.3338345854302709,134699.29860059792,-0.026758222357769146,0.34699298600597905
2025-05-22,341.0400085449219,0,0.0,0.0,133383.45854302702,133383.45854302702,0.0,0.3338345854302709,137283.63700936333,0.019185982671137136,0.372836370093633
2025-05-23,339.3399963378906,0,0.0,0.0,133383.45854302702,133383.45854302702,0.0,0.3338345854302709,136599.30715687087,-0.004984788190349199,0.3659930715687083
2025-05-27,362.8900146484375,0,0.0,0.0,133383.45854302702,133383.45854302702,0.0,0.3338345854302709,146079.22764802675,0.06939947711644767,0.460792276480267
2025-05-28,356.8999938964844,0,0.0,0.0,133383.45854302702,133383.45854302702,0.0,0.3338345854302709,143667.9802460042,-0.016506435862546853,0.43667980246004157
2025-05-29,358.42999267578125,0,0.0,0.0,133383.45854302702,133383.45854302702,0.0,0.3338345854302709,144283.87219937923,0.004286911755287504,0.4428387219937917
2025-05-30,346.4599914550781,0,0.0,0.0,133383.45854302702,133383.45854302702,0.0,0.3338345854302709,139465.4190519146,-0.03339564619395741,0.3946541905191454
2025-06-02,342.69000244140625,0,0.0,0.0,133383.45854302702,133383.45854302702,0.0,0.3338345854302709,137947.83228697628,-0.010881455598490741,0.37947832286976224
2025-06-03,344.2699890136719,0,0.0,0.0,133383.45854302702,133383.45854302702,0.0,0.3338345854302709,138583.84653056032,0.004610541775393218,0.3858384653056026
2025-06-04,332.04998779296875,0,0.0,0.0,133383.45854302702,133383.45854302702,0.0,0.3338345854302709,133664.75736270976,-0.03549540073392177,0.3366475736270971
2025-06-05,284.70001220703125,0,0.0,0.0,133383.45854302702,133383.45854302702,0.0,0.3338345854302709,114604.304929353,-0.14259893789082134,0.14604304929352963
2025-06-06,295.1400146484375,0,0.0,0.0,133383.45854302702,133383.45854302702,0.0,0.3338345854302709,118806.86612344264,0.036670186138995975,0.188068661234426
2025-06-09,308.5799865722656,0,0.0,0.0,133383.45854302702,133383.45854302702,0.0,0.3338345854302709,124217.04727749283,0.04553761352840424,0.24217047277492787
2025-06-10,326.0899963378906,0,0.0,0.0,133383.45854302702,133383.45854302702,0.0,0.3338345854302709,131265.59807641717,0.05674382827003077,0.31265598076417134
2025-06-11,326.42999267578125,0,0.0,0.0,133383.45854302702,133383.45854302702,0.0,0.3338345854302709,131402.46158998157,0.0010426457165473302,0.31402461589981523
2025-06-12,319.1099853515625,0,0.0,0.0,133383.45854302702,133383.45854302702,0.0,0.3338345854302709,128455.83596476093,-0.022424432461661703,0.2845583596476089
2025-06-13,325.30999755859375,0,0.0,0.0,133383.45854302702,133383.45854302702,0.0,0.3338345854302709,130951.61418419992,0.0194290761544198,0.30951614184199894
2025-06-16,329.1300048828125,0,0.0,0.0,133383.45854302702,133383.45854302702,0.0,0.3338345854302709,132489.33552401766,0.011742668079331553,0.3248933552401765
2025-06-17,316.3500061035156,0,0.0,0.0,133383.45854302702,133383.45854302702,0.0,0.3338345854302709,127344.8226532763,-0.03882963749794621,0.2734482265327627
2025-06-18,322.04998779296875,0,0.0,0.0,133383.45854302702,133383.45854302702,0.0,0.3338345854302709,129639.31654727299,0.018017959789727422,0.29639316547272965
2025-06-20,322.1600036621094,0,0.0,0.0,133383.45854302702,133383.45854302702,0.0,0.3338345854302709,129683.60278427142,0.0003416111576173275,0.296836027842714
2025-06-23,348.67999267578125,0,0.0,0.0,133383.45854302702,133383.45854302702,0.0,0.3338345854302709,140359.06740432838,0.0823193093872907,0.4035906740432835
2025-06-24,340.4700012207031,0,0.0,0.0,133383.45854302702,133383.45854302702,0.0,0.3338345854302709,137054.1839345625,-0.02354592069385586,0.3705418393456248
2025-06-25,327.54998779296875,0,0.0,0.0,133383.45854302702,133383.45854302702,0.0,0.3338345854302709,131853.3089957632,-0.037947582404945,0.31853308995763174
2025-06-26,325.7799987792969,0,0.0,0.0,133383.45854302702,133383.45854302702,0.0,0.3338345854302709,131140.81039391225,-0.0054037218123500486,0.3114081039391223
2025-06-27,323.6300048828125,0,0.0,0.0,133383.45854302702,133383.45854302702,0.0,0.3338345854302709,130275.34307552745,-0.006599526995335614,0.30275343075527417
2025-06-30,317.6600036621094,0,0.0,0.0,133383.45854302702,133383.45854302702,0.0,0.3338345854302709,127872.15441732487,-0.018446995428822777,0.27872154417324846
2025-07-01,300.7099914550781,0,0.0,0.0,133383.45854302702,133383.45854302702,0.0,0.3338345854302709,121049.02732129137,-0.05335897504131715,0.21049027321291347
2025-07-02,315.6499938964844,0,0.0,0.0,133383.45854302702,133383.45854302702,0.0,0.3338345854302709,127063.03688232753,0.04968242780731824,0.27063036882327496
2025-07-03,315.3500061035156,0,0.0,0.0,133383.45854302702,133383.45854302702,0.0,0.3338345854302709,126942.27857173262,-0.0009503811144286889,0.2694227857173257
2025-07-07,293.94000244140625,0,0.0,0.0,133383.45854302702,133383.45854302702,0.0,0.3338345854302709,118323.80831172205,-0.06789282780315331,0.18323808311722023
2025-07-08,297.80999755859375,0,0.0,0.0,133383.45854302702,133383.45854302702,0.0,0.3338345854302709,119881.6519417488,0.013165935514200422,0.19881651941748757
2025-07-09,295.8800048828125,0,0.0,0.0,133383.45854302702,133383.45854302702,0.0,0.3338345854302709,119104.7448126904,-0.0064806174796114835,0.19104744812690355
2025-07-10,309.8699951171875,0,0.0,0.0,133383.45854302702,133383.45854302702,0.0,0.3338345854302709,124736.3325823919,0.0472826483827995,0.2473633258239185
2025-07-11,313.510009765625,0,0.0,0.0,133383.45854302702,133383.45854302702,0.0,0.3338345854302709,126201.5989358527,0.01174690904506881,0.26201598935852655
2025-07-14,316.8999938964844,0,0.0,0.0,133383.45854302702,133383.45854302702,0.0,0.3338345854302709,127566.21698425715,0.010813001260769006,0.27566216984257097
2025-07-15,310.7799987792969,0,0.0,0.0,133383.45854302702,133383.45854302702,0.0,0.3338345854302709,125102.64917075711,-0.01931207079538988,0.25102649170757063
2025-07-16,321.6700134277344,0,0.0,0.0,133383.45854302702,133383.45854302702,0.0,0.3338345854302709,129486.36011540957,0.03504091219258654,0.29486360115409527
2025-07-17,319.4100036621094,0,0.0,0.0,133383.45854302702,133383.45854302702,0.0,0.3338345854302709,128576.60656002632,-0.007025863995036907,0.28576606560026296
2025-07-18,329.6499938964844,0,0.0,0.0,133383.45854302702,133383.45854302702,0.0,0.3338345854302709,132698.65402393902,0.032059078040672206,0.3269865402393899
2025-07-21,328.489990234375,0,0.0,0.0,133383.45854302702,133383.45854302702,0.0,0.3338345854302709,132231.70141518788,-0.0035188948387290253,0.3223170141518785
2025-07-22,332.1099853515625,0,0.0,0.0,133383.45854302702,133383.45854302702,0.0,0.3338345854302709,133688.90902482872,0.0110201078413521,0.33688909024828684
2025-07-23,332.55999755859375,0,0.0,0.0,133383.45854302702,133383.45854302702,0.0,0.3338345854302709,133870.05877539158,0.0013550095657464123,0.3387005877539153
2025-07-24,305.29998779296875,0,0.0,0.0,133383.45854302702,133383.45854302702,0.0,0.3338345854302709,122896.7031814164,-0.08197020076301287,0.22896703181416345
2025-07-25,316.05999755859375,0,0.0,0.0,133383.45854302702,133383.45854302702,0.0,0.3338345854302709,127228.0814299209,0.03524405566934252,0.27228081429920836
2025-07-28,325.5899963378906,0,0.0,0.0,133383.45854302702,133383.45854302702,0.0,0.3338345854302709,131064.32603564532,0.030152499060024596,0.3106432603564526
2025-07-29,321.20001220703125,0,0.0,0.0,133383.45854302702,133383.45854302702,0.0,0.3338345854302709,129297.1639056972,-0.013483166498468147,0.29297163905697143
2025-07-30,319.0400085449219,0,0.0,0.0,133383.45854302702,133383.45854302702,0.0,0.3338345854302709,128427.66721540241,-0.006724793213012448,0.2842766721540235
2025-07-31,308.2699890136719,0,0.0,0.0,133383.45854302702,133383.45854302702,0.0,0.3338345854302709,124092.25959498793,-0.03375758288237862,0.24092259594987864
2025-08-01,302.6300048828125,0,0.0,0.0,133383.45854302702,133383.45854302702,0.0,0.3338345854302709,121821.91736311023,-0.01829559909125389,0.21821917363110166
2025-08-04,309.260009765625,0,0.0,0.0,133383.45854302702,133383.45854302702,0.0,0.3338345854302709,124490.78658929207,0.021907956170373222,0.24490786589292002
2025-08-05,308.7200012207031,0,0.0,0.0,133383.45854302702,133383.45854302702,0.0,0.3338345854302709,124273.40934555075,-0.0017461311772288823,0.2427340934555069
2025-08-06,319.9100036621094,0,0.0,0.0,133383.45854302702,133383.45854302702,0.0,0.3338345854302709,128777.87860079814,0.03624644466558724,0.28777878600798057
2025-08-07,322.2699890136719,0,0.0,0.0,133383.45854302702,133383.45854302702,0.0,0.3338345854302709,129727.8767365994,0.007377028928595486,0.2972787673659931
2025-08-08,329.6499938964844,0,0.0,0.0,133383.45854302702,133383.45854302702,0.0,0.3338345854302709,132698.65402393902,0.02290006868278205,0.3269865402393892
2025-08-11,339.0299987792969,0,0.0,0.0,133383.45854302702,133383.45854302702,0.0,0.3338345854302709,136474.51947436598,0.02845443669493286,0.36474519474365885
2025-08-12,340.8399963378906,0,0.0,0.0,133383.45854302702,133383.45854302702,0.0,0.3338345854302709,137203.1232791864,0.005338753399730889,0.3720312327918629
2025-08-13,339.3800048828125,0,0.0,0.0,133383.45854302702,133383.45854302702,0.0,0.3338345854302709,136615.41235984035,-0.004283509772224026,0.36615412359840227
2025-08-14,335.5799865722656,0,0.0,0.0,133383.45854302702,133383.45854302702,0.0,0.3338345854302709,135085.73747917212,-0.011196942235471297,0.3508573747917201
2025-08-15,330.55999755859375,0,0.0,0.0,133383.45854302702,133383.45854302702,0.0,0.3338345854302709,133064.97061230423,-0.014959143019665277,0.3306497061230411
2025-08-18,335.1600036621094,0,0.0,0.0,133383.45854302702,133383.45854302702,0.0,0.3338345854302709,134916.67584433922,0.013915797850585943,0.34916675844339085
2025-08-19,329.30999755859375,0,0.0,0.0,133383.45854302702,133383.45854302702,0.0,0.3338345854302709,132561.79051037462,-0.017454368181154756,0.3256179051037449
2025-08-20,323.8999938964844,0,0.0,0.0,133383.45854302702,133383.45854302702,0.0,0.3338345854302709,130384.02555506288,-0.016428300696053943,0.30384025555062744
2025-08-21,320.1099853515625,0,0.0,0.0,133383.45854302702,133383.45854302702,0.0,0.3338345854302709,128858.3800463046,-0.011701168929731942,0.28858380046304477
2025-08-22,340.010009765625,0,0.0,0.0,133383.45854302702,133383.45854302702,0.0,0.3338345854302709,136869.01709676013,0.06216620950517093,0.3686901709675998
2025-08-25,346.6000061035156,0,0.0,0.0,133383.45854302702,133383.45854302702,0.0,0.3338345854302709,139521.78111997253,0.019381771561470362,0.39521781119972355
2025-08-26,351.6700134277344,0,0.0,0.0,133383.45854302702,133383.45854302702,0.0,0.3338345854302709,141562.68256171988,0.01462783391499567,0.4156268256171969
2025-08-27,349.6000061035156,0,0.0,0.0,133383.45854302702,133383.45854302702,0.0,0.3338345854302709,140729.41336460356,-0.0058862207330171445,0.4072941336460336
2025-08-28,345.9800109863281,0,0.0,0.0,133383.45854302702,133383.45854302702,0.0,0.3338345854302709,139272.20575496272,-0.010354676927882056,0.3927220575496253
2025-08-29,333.8699951171875,0,0.0,0.0,133383.45854302702,133383.45854302702,0.0,0.3338345854302709,134397.39053944015,-0.03500206799409333,0.34397390539439976
2025-09-02,329.3599853515625,0,0.0,0.0,133383.45854302702,133383.45854302702,0.0,0.3338345854302709,132581.9128005836,-0.01350828116207936,0.32581912800583446
2025-09-03,334.0899963378906,0,0.0,0.0,133383.45854302702,133383.45854302702,0.0,0.3338345854302709,134485.95072876656,0.014361219324440011,0.3448595072876641
2025-09-04,338.5299987792969,0,0.0,0.0,133383.45854302702,133383.45854302702,0.0,0.3338345854302709,136273.24743359414,0.01328983953448204,0.3627324743359397
2025-09-05,350.8399963378906,0,0.0,0.0,133383.45854302702,133383.45854302702,0.0,0.3338345854302709,141228.56409462317,0.03636309220152523,0.4122856409462301
2025-09-08,346.3999938964844,0,0.0,0.0,133383.45854302702,133383.45854302702,0.0,0.3338345854302709,139441.2673897956,-0.012655348557038981,0.3944126738979543
2025-09-09,346.9700012207031,0,0.0,0.0,133383.45854302702,133383.45854302702,0.0,0.3338345854302709,139670.7204645964,0.001645517708609212,0.39670720464596254
2025-09-10,347.7900085449219,0,0.0,0.0,133383.45854302702,133383.45854302702,0.0,0.3338345854302709,140000.80955978314,0.0023633378140295314,0.4000080955978298
2025-09-11,368.80999755859375,0,0.0,0.0,133383.45854302702,133383.45854302702,0.0,0.3338345854302709,148462.28173134985,0.06043873744853956,0.484622817313497
2025-09-12,395.94000244140625,0,0.0,0.0,133383.45854302702,133383.45854302702,0.0,0.3338345854302709,159383.3046291771,0.0735609258490948,0.5938330462917694
2025-09-15,410.0400085449219,0,0.0,0.0,133383.45854302702,133383.45854302702,0.0,0.3338345854302709,165059.17863587703,0.03561147147692467,0.6505917863587687
2025-09-16,421.6199951171875,1,1.0,316.0430639620109,0.0,133250.075084484,-0.0009999999999998899,0.33250075084484076,169720.6336948978,0.028241113869250656,0.6972063369489765
2025-09-17,425.8599853515625,1,0.0,316.0430639620109,0.0,134590.09458932487,0.01005642588937583,0.3459009458932496,171427.41666954843,0.010056425889375609,0.7142741666954826
2025-09-18,416.8500061035156,1,0.0,316.0430639620109,0.0,131742.55314153802,-0.02115713980642897,0.3174255314153811,167800.50284841584,-0.02115713980642897,0.6780050284841568
2025-09-19,426.07000732421875,1,0.0,316.0430639620109,0.0,134656.47057706252,0.022118270566640064,0.34656470577062604,171511.95977163533,0.02211827056663984,0.7151195977163516
2025-09-22,434.2099914550781,1,0.0,316.0430639620109,0.0,137229.05610238147,0.019104804353584193,0.3722905610238154,174788.66220737222,0.019104804353584193,0.7478866220737206
2025-09-23,425.8500061035156,1,0.0,316.0430639620109,0.0,134586.94071719612,-0.019253323313789816,0.3458694071719619,171423.39958230892,-0.019253323313789705,0.7142339958230874
2025-09-24,442.7900085449219,1,0.0,316.0430639620109,0.0,139940.71099230208,0.039779270162293656,0.3994071099230214,178242.49730643246,0.03977927016229388,0.7824249730643227
2025-09-25,423.3900146484375,1,0.0,316.0430639620109,0.0,133809.47748041287,-0.043813079613597816,0.3380947748041292,170433.1445814192,-0.04381307961359793,0.7043314458141903
2025-09-26,440.3999938964844,1,0.0,316.0430639620109,0.0,139185.36343989582,0.0401756741055197,0.3918536343989587,177280.41105490125,0.04017567410551992,0.7728041105490107
2025-09-29,443.2099914550781,1,0.0,316.0430639620109,0.0,140073.44367803956,0.00638055766924972,0.400734436780396,178411.55894126534,0.00638055766924972,0.7841155894126515
2025-09-30,444.7200012207031,1,0.0,316.0430639620109,0.0,140550.67179098024,0.0034069849388267404,0.40550671790980286,179019.4044354908,0.0034069849388267404,0.7901940443549065
2025-10-01,459.4599914550781,1,0.0,316.0430639620109,0.0,145209.14346742223,0.033144428390707636,0.45209143467422286,184952.90026635007,0.033144428390707636,0.849529002663499
2025-10-02,436.0,1,0.0,316.0430639620109,0.0,137794.77588743673,-0.05105992228133294,0.3779477588743678,175509.21955304316,-0.051059922281332715,0.7550921955304299
2025-10-03,429.8299865722656,1,0.0,316.0430639620109,0.0,135844.78593904883,-0.014151406944344691,0.35844785939048895,173025.51716466364,-0.014151406944345024,0.7302551716466348
2025-10-06,453.25,1,0.0,316.0430639620109,0.0,143246.51874078144,0.054486690457546505,0.43246518740781514,182453.1049596716,0.054486690457546505,0.824531049596714
2025-10-07,433.0899963378906,1,0.0,316.0430639620109,0.0,136875.08941392304,-0.044478772558432134,0.368750894139231,174337.81480159058,-0.044478772558432356,0.7433781480159039
2025-10-08,438.69000244140625,1,0.0,316.0430639620109,0.0,138644.93250108405,0.012930352007360923,0.38644932501084117,176592.06411516928,0.012930352007361146,0.7659206411516908
2025-10-09,435.5400085449219,1,0.0,316.0430639620109,0.0,137649.3987785775,-0.007180455170972544,0.3764939877857756,175324.05271524077,-0.007180455170972655,0.7532405271524059
2025-10-10,413.489990234375,1,0.0,316.0430639620109,0.0,130680.64343129384,-0.05062684914805615,0.30680643431293886,166447.94834640043,-0.05062684914805615,0.6644794834640027
2025-10-13,435.8999938964844,1,0.0,316.0430639620109,0.0,137763.16965206678,0.054197209585187034,0.3776316965206681,175468.96268795468,0.054197209585187034,0.7546896268795451
2025-10-14,429.239990234375,1,0.0,316.0430639620109,0.0,135658.3216886955,-0.015278742269702938,0.35658321688695516,172788.01763071335,-0.015278742269702716,0.7278801763071316
2025-10-15,435.1499938964844,1,0.0,316.0430639620109,0.0,137526.13735409526,0.013768529951933006,0.3752613735409529,175167.05462679695,0.013768529951933006,0.7516705462679676
2025-10-16,428.75,1,0.0,316.0430639620109,0.0,135503.46367371216,-0.014707558281632171,0.35503463673712177,172590.77496185148,-0.014707558281632171,0.7259077496185129
2025-10-17,439.30999755859375,1,0.0,316.0430639620109,0.0,138840.87765756148,0.02462973191508744,0.388408776575615,176841.6394801791,0.02462973191508766,0.768416394801789
2025-10-20,447.42999267578125,1,0.0,316.0430639620109,0.0,141407.145793754,0.018483519979771268,0.4140714579375402,180110.29545676647,0.018483519979771268,0.8011029545676629
2025-10-21,442.6000061035156,1,0.0,316.0430639620109,0.0,139880.6620385598,-0.010794954856246264,0.398806620385598,178166.01294816553,-0.010794954856246042,0.7816601294816536
2025-10-22,438.9700012207031,1,0.0,316.0430639620109,0.0,138733.42417319867,-0.008201547294971134,0.3873342417319867,176704.7759666147,-0.008201547294971245,0.7670477596661454
2025-10-23,448.9800109863281,0,-1.0,0.0,141755.1213114866,141755.1213114866,0.0217805994214888,0.417551213114866,180734.24615396143,0.022803402824313146,0.8073424615396125
2025-10-24,433.7200012207031,0,0.0,0.0,141755.1213114866,141755.1213114866,0.0,0.417551213114866,174591.41953851038,-0.0339881718388787,0.7459141953851021
2025-10-27,452.4200134277344,0,0.0,0.0,141755.1213114866,141755.1213114866,0.0,0.417551213114866,182118.99877724535,0.043115401997602554,0.8211899877724516
2025-10-28,460.54998779296875,0,0.0,0.0,141755.1213114866,141755.1213114866,0.0,0.417551213114866,185391.67184107224,0.017969970655449252,0.8539167184107206
2025-10-29,461.510009765625,0,0.0,0.0,141755.1213114866,141755.1213114866,0.0,0.417551213114866,185778.12300431688,0.0020845119924044475,0.8577812300431669
2025-10-30,440.1000061035156,0,0.0,0.0,141755.1213114866,141755.1213114866,0.0,0.417551213114866,177159.6527443063,-0.04639120107705197,0.7715965274430614
2025-10-31,456.55999755859375,0,0.0,0.0,141755.1213114866,141755.1213114866,0.0,0.417551213114866,183785.5248868075,0.03740057084027071,0.8378552488680733
2025-11-03,468.3699951171875,0,0.0,0.0,141755.1213114866,141755.1213114866,0.0,0.417551213114866,188539.5695070647,0.02586735066967427,0.8853956950706452
2025-11-04,444.260009765625,0,0.0,0.0,141755.1213114866,141755.1213114866,0.0,0.417551213114866,178834.23759768845,-0.051476366127019224,0.7883423759768828
2025-11-05,462.07000732421875,0,0.0,0.0,141755.1213114866,141755.1213114866,0.0,0.417551213114866,186003.54670720772,0.040089130615176716,0.8600354670720756
2025-11-06,445.9100036621094,0,0.0,0.0,141755.1213114866,141755.1213114866,0.0,0.417551213114866,179498.43287530146,-0.034973063401560256,0.7949843287530132
2025-11-07,429.5199890136719,0,0.0,0.0,141755.1213114866,141755.1213114866,0.0,0.417551213114866,172900.72948215876,-0.03675632866235756,0.7290072948215862
2025-11-10,445.2300109863281,0,0.0,0.0,141755.1213114866,141755.1213114866,0.0,0.417551213114866,179224.70584817266,0.03657576451501576,0.7922470584817249
2025-11-11,439.6199951171875,0,0.0,0.0,141755.1213114866,141755.1213114866,0.0,0.417551213114866,176966.42716268398,-0.012600264426723351,0.769664271626838
2025-11-12,430.6000061035156,0,0.0,0.0,141755.1213114866,141755.1213114866,0.0,0.417551213114866,173335.48396964138,-0.02051769508633805,0.733354839696412
2025-11-13,401.989990234375,0,0.0,0.0,141755.1213114866,141755.1213114866,0.0,0.417551213114866,161818.69140864816,-0.06644220962287395,0.61818691408648
2025-11-14,404.3500061035156,0,0.0,0.0,141755.1213114866,141755.1213114866,0.0,0.417551213114866,162768.70182911988,0.005870832424868855,0.6276870182911973
2025-11-17,408.9200134277344,0,0.0,0.0,141755.1213114866,141755.1213114866,0.0,0.417551213114866,164608.33123009538,0.011302107716671506,0.6460833123009524
2025-11-18,401.25,0,0.0,0.0,141755.1213114866,141755.1213114866,0.0,0.417551213114866,161520.81271940036,-0.018756757252943568,0.6152081271940022
2025-11-19,403.989990234375,0,0.0,0.0,141755.1213114866,141755.1213114866,0.0,0.417551213114866,162623.7795717355,0.006828636098130891,0.6262377957173535
2025-11-20,395.2300109863281,0,0.0,0.0,141755.1213114866,141755.1213114866,0.0,0.417551213114866,159097.5017709888,-0.02168365419886953,0.5909750177098865
2025-11-21,391.0899963378906,0,0.0,0.0,141755.1213114866,141755.1213114866,0.0,0.417551213114866,157430.96337675618,-0.010474950113493975,0.5743096337675602
2025-11-24,417.7799987792969,0,0.0,0.0,141755.1213114866,141755.1213114866,0.0,0.417551213114866,168174.86589593053,0.0682451678419993,0.6817486589593038
2025-11-25,419.3999938964844,0,0.0,0.0,141755.1213114866,141755.1213114866,0.0,0.417551213114866,168826.98534248403,0.0038776272725380423,0.6882698534248386
2025-11-26,426.5799865722656,0,0.0,0.0,141755.1213114866,141755.1213114866,0.0,0.417551213114866,171717.24889964671,0.017119677587676296,0.7171724889964652
2025-11-28,430.1700134277344,0,0.0,0.0,141755.1213114866,141755.1213114866,0.0,0.417551213114866,173162.3929628985,0.008415835173881447,0.7316239296289833
2025-12-01,430.1400146484375,0,0.0,0.0,141755.1213114866,141755.1213114866,0.0,0.417551213114866,173150.31713183902,-6.973703038437584e-05,0.7315031713183884
2025-12-02,429.239990234375,0,0.0,0.0,141755.1213114866,141755.1213114866,0.0,0.417551213114866,172788.01763071335,-0.0020923987153301793,0.7278801763071316
2025-12-03,446.739990234375,0,0.0,0.0,141755.1213114866,141755.1213114866,0.0,0.417551213114866,179832.5390577277,0.04076973347810542,0.7983253905772751
2025-12-04,454.5299987792969,0,0.0,0.0,141755.1213114866,141755.1213114866,0.0,0.417551213114866,182968.36089266065,0.017437455153354264,0.8296836089266046
2025-12-05,455.0,0,0.0,0.0,141755.1213114866,141755.1213114866,0.0,0.417551213114866,183157.55710237302,0.0010340378456106247,0.8315755710237283
2025-12-08,439.5799865722656,0,0.0,0.0,141755.1213114866,141755.1213114866,0.0,0.417551213114866,176950.32195971452,-0.033890139401614006,0.7695032195971434
2025-12-09,445.1700134277344,0,0.0,0.0,141755.1213114866,141755.1213114866,0.0,0.417551213114866,179200.55418605366,0.01271674558948499,0.792005541860535
2025-12-10,451.45001220703125,0,0.0,0.0,141755.1213114866,141755.1213114866,0.0,0.417551213114866,181728.53052676114,0.014106967203253218,0.8172853052676095
2025-12-11,446.8900146484375,0,0.0,0.0,141755.1213114866,141755.1213114866,0.0,0.417551213114866,179892.9304976956,-0.010100780674035303,0.7989293049769541
2025-12-12,458.9599914550781,0,0.0,0.0,141755.1213114866,141755.1213114866,0.0,0.417551213114866,184751.62822557826,0.027008830833098685,0.8475162822557805
2025-12-15,475.30999755859375,0,0.0,0.0,141755.1213114866,141755.1213114866,0.0,0.417551213114866,191333.22641575144,0.03562403348422549,0.9133322641575121
2025-12-16,489.8800048828125,0,0.0,0.0,141755.1213114866,141755.1213114866,0.0,0.417551213114866,197198.29663216372,0.030653694218629735,0.9719829663216351
2025-12-17,467.260009765625,0,0.0,0.0,141755.1213114866,141755.1213114866,0.0,0.417551213114866,188092.75147319306,-0.04617456293730238,0.8809275147319284
2025-12-18,483.3699951171875,0,0.0,0.0,141755.1213114866,141755.1213114866,0.0,0.417551213114866,194577.73073021983,0.034477560704677224,0.9457773073021962
2025-12-19,481.20001220703125,0,0.0,0.0,141755.1213114866,141755.1213114866,0.0,0.417551213114866,193704.21695268553,-0.00448927929345333,0.9370421695268532
2025-12-22,488.7300109863281,0,0.0,0.0,141755.1213114866,141755.1213114866,0.0,0.417551213114866,196735.37339532262,0.01564837611861325,0.9673537339532239
2025-12-23,485.55999755859375,0,0.0,0.0,141755.1213114866,141755.1213114866,0.0,0.417551213114866,195459.30325157414,-0.006486226252684801,0.954593032515739
2025-12-24,485.3999938964844,0,0.0,0.0,141755.1213114866,141755.1213114866,0.0,0.417551213114866,195394.89472436672,-0.00032952397832153313,0.9539489472436649
2025-12-26,475.19000244140625,0,0.0,0.0,141755.1213114866,141755.1213114866,0.0,0.417551213114866,191284.92309151348,-0.021034181259704687,0.9128492309151324
2025-12-29,459.6400146484375,0,0.0,0.0,141755.1213114866,141755.1213114866,0.0,0.417551213114866,185025.3675373775,-0.03272372674735757,0.8502536753737724
2025-12-30,454.42999267578125,0,0.0,0.0,141755.1213114866,141755.1213114866,0.0,0.417551213114866,182928.1040275722,-0.011335005235871831,0.8292810402757196
