Date,Close,High,Low,Open,Volume,Returns,Log_Returns
2024-01-02,248.4199981689453,251.25,244.41000366210938,250.0800018310547,104654200,,
2024-01-03,238.4499969482422,245.67999267578125,236.32000732421875,244.97999572753906,121082600,-0.04013364984377277,-0.04096122279932548
2024-01-04,237.92999267578125,242.6999969482422,237.72999572753906,239.25,102629300,-0.0021807686270334248,-0.0021831499656647054
2024-01-05,237.49000549316406,240.1199951171875,234.89999389648438,236.86000061035156,92488900,-0.001849229589212631,-0.0018509415250833076
2024-01-08,240.4499969482422,241.25,235.3000030517578,236.13999938964844,85166600,0.012463646412957496,0.012386614576639277
2024-01-09,234.9600067138672,238.9600067138672,232.0399932861328,238.11000061035156,96705700,-0.02283214932024613,-0.023096839566935645
2024-01-10,233.94000244140625,235.5,231.2899932861328,235.10000610351562,91628500,-0.004341182513256769,-0.004350632806278706
2024-01-11,227.22000122070312,230.92999267578125,225.3699951171875,230.57000732421875,105873600,-0.028725319101363445,-0.029145966144498332
2024-01-12,218.88999938964844,225.33999633789062,217.14999389648438,220.0800018310547,123043800,-0.036660513098772496,-0.03734939877742937
2024-01-16,219.91000366210938,223.49000549316406,212.17999267578125,215.10000610351562,115355000,0.004659894354722027,0.004649070658851297
2024-01-17,215.5500030517578,215.6699981689453,212.00999450683594,214.86000061035156,103164400,-0.019826295019533036,-0.020025473044372827
2024-01-18,211.8800048828125,217.4499969482422,208.74000549316406,216.8800048828125,108595400,-0.017026203279914,-0.017172815629643214
2024-01-19,212.19000244140625,213.19000244140625,207.55999755859375,209.99000549316406,102260300,0.0014630807600990448,0.0014620115002590317
2024-01-22,208.8000030517578,217.8000030517578,206.27000427246094,212.25999450683594,117952500,-0.015976244642273096,-0.016105240597581734
2024-01-23,209.13999938964844,215.64999389648438,207.75,211.3000030517578,106605900,0.0016283349277841364,0.0016270106278732431
2024-01-24,207.8300018310547,212.72999572753906,206.77000427246094,211.8800048828125,123369900,-0.006263735117226887,-0.006283434610725192
2024-01-25,182.6300048828125,193.0,180.05999755859375,189.6999969482422,198076800,-0.12125293136804816,-0.12925817170128795
2024-01-26,183.25,186.77999877929688,182.10000610351562,185.5,107343200,0.0033948152034783963,0.003389065826718794
2024-01-29,190.92999267578125,191.47999572753906,183.6699981689453,185.6300048828125,125013100,0.04190991910385411,0.041055489597857625
2024-01-30,191.58999633789062,196.36000061035156,190.61000061035156,195.3300018310547,109982300,0.0034567835721344142,0.0034508226289791306
2024-01-31,187.2899932861328,193.97000122070312,185.85000610351562,187.0,103221400,-0.02244377647032403,-0.022699471099276523
2024-02-01,188.86000061035156,189.8800048828125,184.27999877929688,188.5,91843300,0.008382761388752824,0.008347821172369478
2024-02-02,187.91000366210938,188.69000244140625,182.0,185.0399932861328,110612700,-0.0050301649114266045,-0.005042858776994556
2024-02-05,181.05999755859375,184.67999267578125,175.00999450683594,184.25999450683594,134294400,-0.03645365318513305,-0.03713468972636411
2024-02-06,185.10000610351562,186.49000549316406,177.11000061035156,177.2100067138672,122676000,0.0223130928940527,0.02206779799027196
2024-02-07,187.5800018310547,189.7899932861328,182.67999267578125,188.17999267578125,111535200,0.01339813963135228,0.013309178288648728
2024-02-08,189.55999755859375,191.6199951171875,185.5800018310547,189.0,83034000,0.010555473441792307,0.010500153377802503
2024-02-09,193.57000732421875,194.1199951171875,189.47999572753906,190.17999267578125,84476300,0.021154303741671487,0.02093365777497024
2024-02-12,188.1300048828125,194.72999572753906,187.27999877929688,192.11000061035156,95498600,-0.028103539988478476,-0.02850600281752684
2024-02-13,184.02000427246094,187.25999450683594,182.11000061035156,183.99000549316406,86759500,-0.021846598116614713,-0.022088768605910858
2024-02-14,188.7100067138672,188.88999938964844,183.35000610351562,185.3000030517578,81203000,0.025486372853585015,0.02516701014711292
2024-02-15,200.4499969482422,200.8800048828125,188.86000061035156,189.16000366210938,120831800,0.06221180550417671,0.06035334314528131
2024-02-16,199.9499969482422,203.1699981689453,197.39999389648438,202.05999755859375,111346700,-0.0024943876658132247,-0.0024975038337594173
2024-02-20,193.75999450683594,198.60000610351562,189.1300048828125,196.1300048828125,104545800,-0.030957752117438453,-0.031447068575792124
2024-02-21,194.77000427246094,199.44000244140625,191.9499969482422,193.36000061035156,103500300,0.00521268473502845,0.005199145723306879
2024-02-22,197.41000366210938,198.32000732421875,191.36000061035156,194.0,92739500,0.013554445406056326,0.013463405650618309
2024-02-23,191.97000122070312,197.57000732421875,191.5,195.30999755859375,78841900,-0.027556873210526134,-0.027943686650054866
2024-02-26,199.39999389648438,201.77999877929688,192.0,192.2899932861328,111747100,0.03870392576202142,0.03797371074003026
2024-02-27,199.72999572753906,205.60000610351562,198.25999450683594,204.0399932861328,108645400,0.0016549741281637331,0.001653606167566249
2024-02-28,202.0399932861328,205.3000030517578,198.44000244140625,200.4199981689453,99806200,0.01156560160219966,0.011499231283567918
2024-02-29,201.8800048828125,205.27999877929688,198.4499969482422,204.17999267578125,85907000,-0.0007918650199801869,-0.0007921787106965236
2024-03-01,202.63999938964844,204.52000427246094,198.5,200.52000427246094,82243100,0.003764585340074067,0.0037575170226514664
2024-03-04,188.13999938964844,199.75,186.72000122070312,198.72999572753906,134334900,-0.07155546804023882,-0.07424463938175002
2024-03-05,180.74000549316406,184.58999633789062,177.57000732421875,183.0500030517578,119660800,-0.03933237971984138,-0.04012679843323044
2024-03-06,176.5399932861328,181.5800018310547,173.6999969482422,179.99000549316406,107920900,-0.02323786698783792,-0.023512123304642613
2024-03-07,178.64999389648438,180.0399932861328,173.6999969482422,174.35000610351562,102129000,0.011951969472048907,0.01188110874296599
2024-03-08,175.33999633789062,182.72999572753906,174.6999969482422,181.5,85544600,-0.018527834714126334,-0.018701625030085045
2024-03-11,177.77000427246094,182.8699951171875,174.8000030517578,175.4499969482422,85391500,0.013858834181150304,0.013763678693560029
2024-03-12,177.5399932861328,179.42999267578125,172.41000366210938,177.77000427246094,87391700,-0.0012938683737420131,-0.0012947061441473569
2024-03-13,169.47999572753906,176.0500030517578,169.14999389648438,173.0500030517578,106524500,-0.04539820808488959,-0.04646099727496628
2024-03-14,162.5,171.1699981689453,160.50999450683594,167.77000427246094,126325700,-0.04118477639544138,-0.042056898779332184
2024-03-15,163.57000732421875,165.17999267578125,160.75999450683594,163.16000366210938,97146800,0.006584660456730784,0.006563076277915342
2024-03-18,173.8000030517578,174.72000122070312,165.89999389648438,170.02000427246094,108214400,0.06254200201423088,0.060664152342604714
2024-03-19,171.32000732421875,172.82000732421875,167.4199981689453,172.36000061035156,77271400,-0.014269250195585559,-0.014372034891457558
2024-03-20,175.66000366210938,176.25,170.82000732421875,173.0,83846700,0.025332688257929448,0.025017133837829976
2024-03-21,172.82000732421875,178.17999267578125,171.8000030517578,176.38999938964844,73178000,-0.016167575308454918,-0.016299696542812377
2024-03-22,170.8300018310547,171.1999969482422,166.3000030517578,166.69000244140625,75580600,-0.01151490226146512,-0.01158171211632812
2024-03-25,172.6300048828125,175.24000549316406,168.72999572753906,168.75999450683594,74228600,0.010536808713131895,0.010481683435756076
2024-03-26,177.6699981689453,184.25,177.3800048828125,178.5800018310547,113186200,0.029195349264770964,0.0287772826285837
2024-03-27,179.8300018310547,181.91000366210938,176.0,181.41000366210938,81804000,0.012157391142962881,0.012084083617363902
2024-03-28,175.7899932861328,179.57000732421875,175.3000030517578,177.4499969482422,77654800,-0.022465709302040393,-0.02272190773999231
2024-04-01,175.22000122070312,176.75,170.2100067138672,176.1699981689453,81562100,-0.003242460249155976,-0.0032477284143495326
2024-04-02,166.6300048828125,167.69000244140625,163.42999267578125,164.75,116650600,-0.049024062767074494,-0.05026651935105258
2024-04-03,168.3800048828125,168.82000732421875,163.27999877929688,164.02000427246094,82950100,0.01050231020055925,0.010447544054431742
2024-04-04,171.11000061035156,177.19000244140625,168.00999450683594,170.07000732421875,123162000,0.016213301154368365,0.016083269202606634
2024-04-05,164.89999389648438,170.86000061035156,160.50999450683594,169.0800018310547,143157600,-0.036292482565110196,-0.03696743555877544
2024-04-08,172.97999572753906,174.5,167.7899932861328,169.33999633789062,104423300,0.04899940648952894,0.04783676362708771
2024-04-09,176.8800048828125,179.22000122070312,171.9199981689453,172.91000366210938,102951700,0.02254601255405486,0.022295607975213145
2024-04-10,171.75999450683594,174.92999267578125,170.00999450683594,173.0399932861328,84532400,-0.028946236061948905,-0.02937344256551801
2024-04-11,174.60000610351562,175.8800048828125,168.50999450683594,172.5500030517578,94516000,0.01653476762638495,0.016399556773736196
2024-04-12,171.0500030517578,173.80999755859375,170.36000061035156,172.33999633789062,64722700,-0.020332204625772565,-0.020541749097701737
2024-04-15,161.47999572753906,170.69000244140625,161.3800048828125,170.24000549316406,100245300,-0.05594859487563397,-0.05757465973833702
2024-04-16,157.11000061035156,158.19000244140625,153.75,156.74000549316406,97000000,-0.027062145360474688,-0.02743506868222295
2024-04-17,155.4499969482422,158.3300018310547,153.77999877929688,157.63999938964844,82439700,-0.010565868854054306,-0.01062208397137564
2024-04-18,149.92999267578125,152.1999969482422,148.6999969482422,151.25,96098800,-0.03550983840996058,-0.036155647217109545
2024-04-19,147.0500030517578,150.94000244140625,146.22000122070312,148.97000122070312,87074500,-0.0192088959161848,-0.01939578390268632
2024-04-22,142.0500030517578,144.44000244140625,138.8000030517578,140.55999755859375,107097600,-0.03400203941675628,-0.0345935559693179
2024-04-23,144.67999267578125,147.25999450683594,141.11000061035156,143.3300018310547,124545100,0.018514534090260826,0.018345226676437152
2024-04-24,162.1300048828125,167.97000122070312,157.50999450683594,162.83999633789062,181178000,0.12061109407252757,0.11387415621830609
2024-04-25,170.17999267578125,170.8800048828125,158.36000061035156,158.9600067138672,126427500,0.04965143743002587,0.04845814470471284
2024-04-26,168.2899932861328,172.1199951171875,166.3699951171875,168.85000610351562,109815700,-0.011105884774887609,-0.011168015552988686
2024-04-29,194.0500030517578,198.8699951171875,184.5399932861328,188.4199981689453,243869700,0.1530691710339953,0.14242723171122051
2024-04-30,183.27999877929688,190.9499969482422,182.83999633789062,186.97999572753906,127031800,-0.05550118063944742,-0.05710084205665045
2024-05-01,179.99000549316406,185.86000061035156,179.00999450683594,182.0,92829700,-0.017950640048260635,-0.018113707174260838
2024-05-02,180.00999450683594,184.60000610351562,176.02000427246094,182.86000061035156,89148000,0.0001110562423569661,0.00011105007606901516
2024-05-03,181.19000244140625,184.77999877929688,178.4199981689453,182.10000610351562,75491500,0.006555235656792835,0.006533843535574036
2024-05-06,184.75999450683594,187.55999755859375,182.1999969482422,183.8000030517578,84390300,0.019703030064167848,0.019511437908750914
2024-05-07,177.80999755859375,183.25999450683594,177.39999389648438,182.39999389648438,75045900,-0.03761635178001177,-0.03834210509362018
2024-05-08,174.72000122070312,176.05999755859375,170.14999389648438,171.58999633789062,79969500,-0.017378079862311324,-0.017530851194269642
2024-05-09,171.97000122070312,175.6199951171875,171.3699951171875,175.00999450683594,65950300,-0.01573946875450305,-0.015864649448707812
2024-05-10,168.47000122070312,173.05999755859375,167.75,173.0500030517578,72627200,-0.02035238689978358,-0.020562350450525728
2024-05-13,171.88999938964844,175.39999389648438,169.0,170.0,67018900,0.020300339194899042,0.020097034145307512
2024-05-14,177.5500030517578,179.49000549316406,174.07000732421875,174.5,86407400,0.03292805679333921,0.03239754278801776
2024-05-15,173.99000549316406,180.0,173.11000061035156,179.89999389648438,79663000,-0.02005067585133169,-0.020254418706909572
2024-05-16,174.83999633789062,175.7899932861328,171.42999267578125,174.10000610351562,59812200,0.004885285464054867,0.004873391179277019
2024-05-17,177.4600067138672,179.6300048828125,172.75,173.5500030517578,77445800,0.014985188920464187,0.01487402019069651
2024-05-20,174.9499969482422,177.75,173.52000427246094,177.55999755859375,61727400,-0.014144086952910362,-0.014245067870223688
2024-05-21,186.60000610351562,186.8800048828125,174.7100067138672,175.50999450683594,115266500,0.06659050790792542,0.06446711975223302
2024-05-22,180.11000061035156,183.8000030517578,178.1199951171875,182.85000610351562,88313500,-0.03478030697150003,-0.035399542384592614
2024-05-23,173.74000549316406,181.89999389648438,173.25999450683594,181.8000030517578,71975500,-0.03536724832380789,-0.036007818288810785
2024-05-24,179.24000549316406,180.0800018310547,173.72999572753906,174.83999633789062,65584500,0.03165649721483632,0.03116576011599187
2024-05-28,176.75,178.25,173.16000366210938,176.39999389648438,59736600,-0.01389201861667555,-0.013989415788236143
2024-05-29,176.19000244140625,178.14999389648438,173.92999267578125,174.19000244140625,54782600,-0.0031683030189180172,-0.0031733327174769638
2024-05-30,178.7899932861328,182.6699981689453,175.3800048828125,178.5800018310547,77618400,0.014756744473008343,0.014648923152829736
2024-05-31,178.0800018310547,180.32000732421875,173.82000732421875,178.5,67314600,-0.003971091681523098,-0.003978997402597566
2024-06-03,176.2899932861328,182.63999938964844,174.49000549316406,178.1300048828125,68568900,-0.0100517100545634,-0.010102569596006488
2024-06-04,174.77000427246094,177.75999450683594,174.0,174.77999877929688,60056300,-0.008622094682395387,-0.008659479988969872
2024-06-05,175.0,176.14999389648438,172.1300048828125,175.35000610351562,57953800,0.0013159908560766986,0.0013151256990527008
2024-06-06,177.94000244140625,179.72999572753906,172.72999572753906,174.60000610351562,69887000,0.01680001395089281,0.016660454613497404
2024-06-07,177.47999572753906,179.35000610351562,175.5800018310547,176.1300048828125,56244900,-0.0025851787543875737,-0.0025885260992180074
2024-06-10,173.7899932861328,178.57000732421875,173.1699981689453,176.05999755859375,50774600,-0.020791089307163446,-0.02101026729322036
2024-06-11,170.66000366210938,174.75,167.41000366210938,173.9199981689453,64761900,-0.018010183238054034,-0.01817434057762428
2024-06-12,177.2899932861328,180.5500030517578,169.8000030517578,171.1199951171875,90389400,0.03884911216309472,0.03811347747393242
2024-06-13,182.47000122070312,191.0800018310547,181.22999572753906,188.38999938964844,118984100,0.029217711832219218,0.028799010597446485
2024-06-14,178.00999450683594,186.0,176.9199981689453,185.8000030517578,82038200,-0.024442410719736185,-0.024746085007725318
2024-06-17,187.44000244140625,188.80999755859375,177.0,177.9199981689453,109786100,0.052974598199923895,0.051619109593938894
2024-06-18,184.86000061035156,187.1999969482422,182.3699951171875,186.55999755859375,68982300,-0.013764414198944475,-0.013860022086213656
2024-06-20,181.57000732421875,185.2100067138672,179.66000366210938,184.67999267578125,55893100,-0.017797215597047833,-0.017957490517488177
2024-06-21,183.00999450683594,183.9499969482422,180.69000244140625,182.3000030517578,61937300,0.00793075466503601,0.007899471520701
2024-06-24,182.5800018310547,188.8000030517578,182.5500030517578,184.97000122070312,61992100,-0.0023495584322592578,-0.002352322975825913
2024-06-25,187.35000610351562,187.97000122070312,182.00999450683594,184.39999389648438,62905700,0.026125557150967316,0.025790114652126835
2024-06-26,196.3699951171875,197.75999450683594,186.36000061035156,186.5399932861328,95737100,0.04814512260377568,0.047022052078927956
2024-06-27,197.4199981689453,198.72000122070312,194.0500030517578,195.1699981689453,72746500,0.0053470646120412635,0.005332819818052439
2024-06-28,197.8800048828125,203.1999969482422,195.25999450683594,199.5500030517578,95438100,0.002330091774560339,0.0023273813203096337
2024-07-01,209.86000061035156,213.22999572753906,200.85000610351562,201.02000427246094,135691400,0.060541719385108106,0.05877983360300819
2024-07-02,231.25999450683594,231.3000030517578,218.05999755859375,218.88999938964844,205047900,0.10197271435359379,0.09710195030947986
2024-07-03,246.38999938964844,248.35000610351562,234.25,234.55999755859375,166561500,0.06542422054051067,0.06337304899541438
2024-07-05,251.52000427246094,252.3699951171875,242.4600067138672,249.80999755859375,154501200,0.02082067005771515,0.02060688228437311
2024-07-08,252.94000244140625,259.44000244140625,244.57000732421875,247.7100067138672,157219600,0.005645666924397386,0.005629789876539415
2024-07-09,262.3299865722656,265.6099853515625,250.3000030517578,251.0,160210900,0.03712336538398886,0.0364508858978897
2024-07-10,263.260009765625,267.5899963378906,257.8599853515625,262.79998779296875,128519400,0.003545241645880992,0.0035389720904070512
2024-07-11,241.02999877929688,271.0,239.64999389648438,263.29998779296875,221707300,-0.08444127539962887,-0.08822077208547265
2024-07-12,248.22999572753906,251.83999633789062,233.08999633789062,235.8000030517578,155955800,0.029871787680814776,0.029434316513726216
2024-07-15,252.63999938964844,265.6000061035156,251.72999572753906,255.97000122070312,146912900,0.01776579679334911,0.017609829570940913
2024-07-16,256.55999755859375,258.6199951171875,245.8000030517578,255.30999755859375,126332500,0.015516142251486675,0.015396997777534727
2024-07-17,248.5,258.4700012207031,246.17999267578125,252.72999572753906,115584800,-0.031415644041518975,-0.031919700332288976
2024-07-18,249.22999572753906,257.1400146484375,247.1999969482422,251.08999633789062,110869000,0.002937608561525362,0.002933302220995548
2024-07-19,239.1999969482422,249.44000244140625,236.8300018310547,247.7899932861328,87403900,-0.040243947162209914,-0.04107613843938729
2024-07-22,251.50999450683594,253.2100067138672,243.75,244.2100067138672,101225400,0.05146320115237035,0.05018271902171053
2024-07-23,246.3800048828125,255.75999450683594,245.6300048828125,253.60000610351562,111928200,-0.020396762498772203,-0.02060764898795659
2024-07-24,215.99000549316406,225.99000549316406,214.7100067138672,225.4199981689453,167942900,-0.12334604589403697,-0.13164294360339135
2024-07-25,220.25,226.0,216.22999572753906,216.8000030517578,100636500,0.01972310939623889,0.01953112906763447
2024-07-26,219.8000030517578,222.27999877929688,215.3300018310547,221.19000244140625,94604100,-0.0020431189477511102,-0.0020452089625195087
2024-07-29,232.10000610351562,234.27000427246094,224.6999969482422,224.89999389648438,129201800,0.055959976710561854,0.054450283723543685
2024-07-30,222.6199951171875,232.41000366210938,220.0,232.25,100560300,-0.04084450985365373,-0.04170207944562914
2024-07-31,232.07000732421875,234.67999267578125,226.7899932861328,227.89999389648438,67497000,0.04244907202543402,0.04157282172336867
2024-08-01,216.86000061035156,231.8699951171875,214.3300018310547,227.69000244140625,83861900,-0.06554059651757449,-0.06778709499652093
2024-08-02,207.6699981689453,216.1300048828125,205.77999877929688,214.8800048828125,82880100,-0.042377581921705376,-0.043301714320780345
2024-08-05,198.8800048828125,203.8800048828125,182.0,185.22000122070312,100308800,-0.04232673647438423,-0.04324862022379944
2024-08-06,200.63999938964844,202.89999389648438,192.6699981689453,200.75,73783900,0.008849529684359148,0.008810602088580683
2024-08-07,191.75999450683594,203.49000549316406,191.47999572753906,200.77000427246094,71159800,-0.044258397676563366,-0.04526769292244102
2024-08-08,198.83999633789062,200.6999969482422,192.0399932861328,195.6999969482422,65033900,0.036921162045623124,0.036255901329012616
2024-08-09,200.0,200.8800048828125,195.11000061035156,197.0500030517578,58648300,0.005833854775063374,0.00581690373893266
2024-08-12,197.49000549316406,199.25999450683594,194.6699981689453,199.02000427246094,64044900,-0.012549972534179665,-0.012629388585244743
2024-08-13,207.8300018310547,208.49000549316406,197.05999755859375,198.47000122070312,76247400,0.05235706137163754,0.05103246867853809
2024-08-14,201.3800048828125,208.44000244140625,198.75,207.38999938964844,70250000,-0.0310349655555765,-0.03152675190710158
2024-08-15,214.13999938964844,215.8800048828125,204.82000732421875,205.02000427246094,89848500,0.06336276788880446,0.061436309145650216
2024-08-16,216.1199951171875,219.8000030517578,210.8000030517578,211.14999389648438,88765100,0.009246267550119258,0.00920378250292453
2024-08-19,222.72000122070312,222.97999572753906,214.08999633789062,217.07000732421875,76435200,0.030538618603692225,0.0300815962441386
2024-08-20,221.10000610351562,228.22000122070312,219.55999755859375,224.8800048828125,74001200,-0.007273684933137958,-0.007300267158314731
2024-08-21,223.27000427246094,224.66000366210938,218.86000061035156,222.6699981689453,70146000,0.009814554993405888,0.00976670507756732
2024-08-22,210.66000366210938,224.8000030517578,210.32000732421875,223.82000732421875,79514500,-0.056478704568676985,-0.05813634375381778
2024-08-23,220.32000732421875,221.47999572753906,214.2100067138672,214.4600067138672,81525200,0.04585589810206048,0.044835591431516886
2024-08-26,213.2100067138672,219.08999633789062,211.00999450683594,218.75,59301200,-0.0322712435275504,-0.032803441227522996
2024-08-27,209.2100067138672,215.66000366210938,206.94000244140625,213.25,62821400,-0.018760845523390857,-0.018939062709292416
2024-08-28,205.75,211.83999633789062,202.58999633789062,209.72000122070312,64116400,-0.01653843794670573,-0.01667672472989858
2024-08-29,206.27999877929688,214.88999938964844,205.97000122070312,209.8000030517578,62308800,0.002575935743848623,0.0025726237078790366
2024-08-30,214.11000061035156,214.57000732421875,207.02999877929688,208.6300048828125,63370600,0.03795812428442069,0.03725544123667223
2024-09-03,210.60000610351562,219.89999389648438,209.63999938964844,215.25999450683594,76714200,-0.016393416920415627,-0.016529275820300126
2024-09-04,219.41000366210938,222.22000122070312,210.57000732421875,210.58999633789062,80651800,0.04183284569452206,0.040981513663141275
2024-09-05,230.1699981689453,235.0,222.25,223.49000549316406,119355000,0.04904058305110959,0.047876016035803666
2024-09-06,210.72999572753906,233.60000610351562,210.50999450683594,232.60000610351562,112177000,-0.0844593239607937,-0.08824048544582774
2024-09-09,216.27000427246094,219.8699951171875,213.6699981689453,216.1999969482422,67443500,0.026289605928169646,0.025949973905266994
2024-09-10,226.1699981689453,226.39999389648438,218.63999938964844,220.07000732421875,78891100,0.04577608406578748,0.044759273955983725
2024-09-11,228.1300048828125,228.47000122070312,216.8000030517578,224.5500030517578,83548600,0.008666077418469476,0.008628742512625562
2024-09-12,229.80999755859375,231.4499969482422,223.8300018310547,224.66000366210938,71894900,0.007364189890953776,0.007337206636805016
2024-09-13,230.2899932861328,232.6699981689453,226.32000732421875,228.0,59515100,0.0020886633855721204,0.0020864851607279924
2024-09-16,226.77999877929688,229.9600067138672,223.52999877929688,229.3000030517578,54323000,-0.015241628421408637,-0.0153589759450266
2024-09-17,227.8699951171875,234.57000732421875,226.5500030517578,229.4499969482422,66761600,0.004806404196833203,0.004794890315022082
2024-09-18,227.1999969482422,235.67999267578125,226.8800048828125,230.08999633789062,78010200,-0.0029402649901351108,-0.0029445960609886415
2024-09-19,243.9199981689453,244.24000549316406,232.1300048828125,234.0,102694600,0.07359155565707187,0.07100962175825201
2024-09-20,238.25,243.99000549316406,235.9199981689453,241.52000427246094,99879100,-0.02324531900421767,-0.023519752638904136
2024-09-23,250.0,250.0,241.9199981689453,242.61000061035156,86927200,0.04931794333683115,0.048140375327935025
2024-09-24,254.27000427246094,257.19000244140625,249.0500030517578,254.0800018310547,88491000,0.017080017089843746,0.016935793509053217
2024-09-25,257.0199890136719,257.04998779296875,252.27999877929688,252.5399932861328,65034300,0.010815214909361437,0.010757148762662457
2024-09-26,254.22000122070312,261.75,251.52999877929688,260.6000061035156,67142200,-0.01089404681602335,-0.010953821465680538
2024-09-27,260.4599914550781,260.70001220703125,254.1199951171875,257.3800048828125,70988100,0.024545630573566513,0.024249227064234113
2024-09-30,261.6300048828125,264.8599853515625,255.77000427246094,259.0400085449219,80705700,0.004492104223754234,0.004482044837533062
2024-10-01,258.0199890136719,263.9800109863281,248.52999877929688,262.6700134277344,87397600,-0.013798172234708361,-0.013894251852425751
2024-10-02,249.02000427246094,251.16000366210938,241.5,247.5500030517578,93983900,-0.03488095932262847,-0.03550382703625727
2024-10-03,240.66000366210938,249.7899932861328,237.80999755859375,244.47999572753906,80729200,-0.03357160254966751,-0.03414806745440706
2024-10-04,250.0800018310547,250.9600067138672,244.5800018310547,246.69000244140625,86573200,0.03914235030998814,0.03839570976808335
2024-10-07,240.8300018310547,249.8300018310547,240.6999969482422,249.0,68113300,-0.03698816351676526,-0.03768957599969925
2024-10-08,244.5,246.2100067138672,240.55999755859375,243.55999755859375,56303200,0.015238957526229946,0.015124010919583781
2024-10-09,241.0500030517578,247.42999267578125,239.50999450683594,243.82000732421875,66289500,-0.014110416966225725,-0.014210915403026646
2024-10-10,238.77000427246094,242.7899932861328,232.33999633789062,241.80999755859375,83087100,-0.009458613360014412,-0.009503630132407154
2024-10-11,217.8000030517578,223.33999633789062,214.3800048828125,220.1300048828125,142628900,-0.08782510719719305,-0.09192353886888906
2024-10-14,219.16000366210938,221.91000366210938,213.74000549316406,220.1300048828125,86291900,0.00624426350457119,0.006224848869363662
2024-10-15,219.57000732421875,224.25999450683594,217.1199951171875,220.00999450683594,62988800,0.0018707960177875016,0.0018690482583788197
2024-10-16,221.3300018310547,222.82000732421875,218.92999267578125,221.39999389648438,49632800,0.008015641700267029,0.007983687088569507
2024-10-17,220.88999938964844,222.0800018310547,217.89999389648438,221.58999633789062,50791800,-0.001987992760882462,-0.0019899714413276278
2024-10-18,220.6999969482422,222.27999877929688,219.22999572753906,220.7100067138672,49611900,-0.0008601676940163117,-0.0008605378505268966
2024-10-21,218.85000610351562,220.47999572753906,215.72999572753906,218.89999389648438,47329000,-0.008382378207102636,-0.008417707909120813
2024-10-22,217.97000122070312,218.22000122070312,215.25999450683594,217.30999755859375,43268700,-0.004021041161846095,-0.004029147285192923
2024-10-23,213.64999389648438,218.72000122070312,212.11000061035156,217.1300048828125,80938900,-0.019819274670942355,-0.020018310718538105
2024-10-24,260.4800109863281,262.1199951171875,242.64999389648438,244.67999267578125,204491900,0.21919035070290427,0.19818699146920774
2024-10-25,269.19000244140625,269.489990234375,255.32000732421875,256.010009765625,161611900,0.03343823359841336,0.032891334056112616
2024-10-28,262.510009765625,273.5400085449219,262.239990234375,270.0,107653600,-0.024815158866218545,-0.02512824530239814
2024-10-29,259.5199890136719,264.9800109863281,255.50999450683594,264.510009765625,80521800,-0.01139012091242797,-0.01145548515134625
2024-10-30,257.54998779296875,263.3500061035156,255.82000732421875,258.0400085449219,53993600,-0.007590942139718337,-0.007619899978935549
2024-10-31,249.85000610351562,259.75,249.25,257.989990234375,66575300,-0.029897037679701755,-0.03035306639591626
2024-11-01,248.97999572753906,254.0,246.6300048828125,252.0399932861328,57544800,-0.003482130697311625,-0.0034882074251496174
2024-11-04,242.83999633789062,248.89999389648438,238.8800048828125,244.55999755859375,68802400,-0.024660613282231236,-0.02496977961188894
2024-11-05,251.44000244140625,255.27999877929688,246.2100067138672,247.33999633789062,69282500,0.03541429020427711,0.03480162701711456
2024-11-06,288.5299987792969,289.5899963378906,275.6199951171875,284.6700134277344,165228700,0.14751032444224466,0.13759466024737685
2024-11-07,296.9100036621094,299.75,285.5199890136719,288.8900146484375,117309200,0.02904379065700735,0.028630012464395397
2024-11-08,321.2200012207031,328.7099914550781,297.6600036621094,299.1400146484375,204782800,0.08187665372925301,0.07869717552417867
2024-11-11,350.0,358.6400146484375,336.0,346.29998779296875,210521600,0.08959591143118995,0.08580690404849912
2024-11-12,328.489990234375,345.8399963378906,323.30999755859375,342.739990234375,155726000,-0.06145717075892854,-0.06342678815128278
2024-11-13,330.239990234375,344.6000061035156,322.5,335.8500061035156,125405600,0.005327407385385952,0.005313266949669512
2024-11-14,311.17999267578125,329.9800109863281,310.3699951171875,327.69000244140625,120726100,-0.05771559508909463,-0.059448133931949705
2024-11-15,320.7200012207031,324.67999267578125,309.2200012207031,310.57000732421875,114440300,0.030657525449785616,0.030196972790488486
2024-11-18,338.739990234375,348.54998779296875,330.010009765625,340.7300109863281,126085600,0.056186046847983784,0.054664350493325395
2024-11-19,346.0,347.3800048828125,332.75,335.760009765625,88852500,0.021432396454288627,0.02120595242401374
2024-11-20,342.0299987792969,346.6000061035156,334.29998779296875,345.0,66340700,-0.011473991967350106,-0.01154032611298051
2024-11-21,339.6400146484375,347.989990234375,335.2799987792969,343.80999755859375,58011700,-0.006987644766217049,-0.007012172684276001
2024-11-22,352.55999755859375,361.5299987792969,337.70001220703125,341.0899963378906,89140700,0.038040225983177356,0.0373345373484672
2024-11-25,338.5899963378906,361.92999267578125,338.20001220703125,360.1400146484375,95890900,-0.039624464821427674,-0.040430888534493496
2024-11-26,338.2300109863281,346.9599914550781,335.6600036621094,341.0,62295900,-0.001063189566898104,-0.001063755153845317
2024-11-27,332.8900146484375,342.54998779296875,326.5899963378906,341.79998779296875,57896400,-0.015788061864523528,-0.015914020837727676
2024-11-29,345.1600036621094,345.45001220703125,334.6499938964844,336.0799865722656,37167600,0.03685898787510977,0.03619593916712737
2024-12-02,357.0899963378906,360.0,351.1499938964844,352.3800048828125,77986500,0.034563659025395044,0.03397975234247804
2024-12-03,351.4200134277344,355.69000244140625,348.20001220703125,351.79998779296875,58267200,-0.01587830229999254,-0.016005713052796626
2024-12-04,357.92999267578125,358.1000061035156,348.6000061035156,353.0,50810900,0.018524782309774723,0.018355288553428408
2024-12-05,369.489990234375,375.42999267578125,359.5,359.8699951171875,81403600,0.03229681165351517,0.03178623389945424
2024-12-06,389.2200012207031,389.489990234375,370.79998779296875,377.4200134277344,81455800,0.053397958017247005,0.05202108959673976
2024-12-09,389.7900085449219,404.79998779296875,378.010009765625,397.6099853515625,96359200,0.0014644862094215227,0.0014634148953150045
2024-12-10,400.989990234375,409.7300109863281,390.8500061035156,392.67999267578125,97563600,0.02873337295448497,0.028328310501358537
2024-12-11,424.7699890136719,424.8800048828125,402.3800048828125,409.70001220703125,104287600,0.05930322291934931,0.0576113551148347
2024-12-12,418.1000061035156,429.29998779296875,415.0,424.8399963378906,87752200,-0.015702575706076027,-0.01582716714006912
2024-12-13,436.2300109863281,436.29998779296875,415.7099914550781,420.0,89000200,0.04336284290396253,0.04244899941747966
2024-12-16,463.0199890136719,463.19000244140625,436.1499938964844,441.0899963378906,114083800,0.06141250567967771,0.05960057359180242
2024-12-17,479.8599853515625,483.989990234375,457.510009765625,475.8999938964844,131223000,0.036369912179738284,0.035724138195772255
2024-12-18,440.1300048828125,488.5400085449219,427.010009765625,466.5,149340800,-0.0827949436951747,-0.08642421525210743
2024-12-19,436.1700134277344,456.3599853515625,420.0199890136719,451.8800048828125,118566100,-0.008997322180141931,-0.009038042516689774
2024-12-20,421.05999755859375,447.0799865722656,417.6400146484375,425.510009765625,132216200,-0.034642491239586515,-0.0352567708528249
2024-12-23,430.6000061035156,434.510009765625,415.4100036621094,431.0,72698100,0.022657123925894362,0.02240426356053564
2024-12-24,462.2799987792969,462.7799987792969,435.1400146484375,435.8999938964844,59551800,0.07357174228224572,0.07099116636191981
2024-12-26,454.1300048828125,465.3299865722656,451.0199890136719,465.1600036621094,76366400,-0.017629994630971146,-0.017787254049436575
2024-12-27,431.6600036621094,450.0,426.5,449.5199890136719,82666800,-0.04947922616674816,-0.05074526160258332
2024-12-30,417.4100036621094,427.0,415.75,419.3999938964844,64941000,-0.03301209257078741,-0.03356928885086787
2024-12-31,403.8399963378906,427.92999267578125,402.5400085449219,423.7900085449219,76825100,-0.03251001941775111,-0.03305021011916344
2025-01-02,379.2799987792969,392.7300109863281,373.0400085449219,390.1000061035156,109710700,-0.06081615932376483,-0.06274403546918701
2025-01-03,410.44000244140625,411.8800048828125,379.45001220703125,381.4800109863281,95423300,0.08215567328200035,0.07895504556688626
2025-01-06,411.04998779296875,426.42999267578125,401.70001220703125,423.20001220703125,85516500,0.0014861742226248698,0.0014850709586745647
2025-01-07,394.3599853515625,414.3299865722656,390.0,405.8299865722656,75699500,-0.040603340073111505,-0.04145067133894483
2025-01-08,394.94000244140625,402.5,387.3999938964844,392.95001220703125,73038800,0.0014707807875757872,0.0014697002488738569
2025-01-10,394.739990234375,399.2799987792969,377.2900085449219,391.3999938964844,62287300,-0.0005064369418008585,-0.0005065652243020289
2025-01-13,403.30999755859375,403.7900085449219,380.07000732421875,383.2099914550781,67580500,0.021710512074366584,0.021478195369560783
2025-01-14,396.3599853515625,422.6400146484375,394.5400085449219,414.3399963378906,84565000,-0.017232432245921525,-0.017382638722844804
2025-01-15,428.2200012207031,429.79998779296875,405.6600036621094,409.8999938964844,81375500,0.08038151439752794,0.07731423282838396
2025-01-16,413.82000732421875,424.0,409.1300048828125,423.489990234375,68335200,-0.03362756026209679,-0.03420597069137618
2025-01-17,426.5,439.739990234375,419.75,421.5,94991400,0.030641323404759335,0.03018125256143425
2025-01-21,424.07000732421875,433.20001220703125,406.30999755859375,432.6400146484375,87320900,-0.00569752092797482,-0.005713813715474868
2025-01-22,415.1099853515625,428.0,414.5899963378906,416.80999755859375,60963300,-0.021128638710367298,-0.021355043154943146
2025-01-23,412.3800048828125,420.7300109863281,408.95001220703125,416.05999755859375,50690600,-0.006576523247056931,-0.006598243859181292
2025-01-24,406.5799865722656,418.8800048828125,405.7799987792969,414.45001220703125,56427100,-0.014064741844588391,-0.014164587635274254
2025-01-27,397.1499938964844,406.69000244140625,389.0,394.79998779296875,58125500,-0.023193450212053546,-0.023466650856007368
2025-01-28,398.0899963378906,400.5899963378906,386.5,396.9100036621094,48910700,0.0023668700890153715,0.0023640734639690623
2025-01-29,389.1000061035156,398.5899963378906,384.4800109863281,395.2099914550781,68033600,-0.02258280870425211,-0.02284170549807513
2025-01-30,400.2799987792969,412.5,384.4100036621094,410.7799987792969,98092900,0.028732954254456988,0.028327903495885404
2025-01-31,404.6000061035156,419.989990234375,401.3399963378906,401.5299987792969,83283600,0.010792463618949588,0.010734640646320742
2025-02-03,383.67999267578125,389.1700134277344,374.3599853515625,386.67999267578125,93732100,-0.05170542044525339,-0.053090087069197885
2025-02-04,392.2099914550781,394.0,381.3999938964844,382.6300048828125,57072200,0.022232065633156273,0.02198853609615247
2025-02-05,378.1700134277344,388.3900146484375,375.5299987792969,387.510009765625,57223300,-0.035797094243459227,-0.03645352337012321
2025-02-06,374.32000732421875,375.3999938964844,363.17999267578125,373.0299987792969,77918200,-0.010180622383618276,-0.01023279935109268
2025-02-07,361.6199951171875,380.54998779296875,360.3399963378906,370.19000244140625,70298300,-0.0339282217314959,-0.03451714290429038
2025-02-10,350.7300109863281,362.70001220703125,350.510009765625,356.2099914550781,77514900,-0.030114441341470455,-0.030577195209388917
2025-02-11,328.5,349.3699951171875,325.1000061035156,345.79998779296875,118543400,-0.06338211812502892,-0.06547989008634725
2025-02-12,336.510009765625,346.3999938964844,329.1199951171875,329.94000244140625,105382700,0.0243835913717656,0.024091057420887543
2025-02-13,355.94000244140625,358.69000244140625,342.8500061035156,345.0,89441500,0.05773971683431944,0.05613428883532556
2025-02-14,355.8399963378906,362.0,347.5,360.6199951171875,68277300,-0.0002809633725618932,-0.00028100285016493403
2025-02-18,354.1099853515625,359.1000061035156,350.0199890136719,355.010009765625,51631700,-0.004861766535893763,-0.004873623368530301
2025-02-19,360.55999755859375,367.3399963378906,353.6700134277344,354.0,67094400,0.018214714280444966,0.018050813649058695
2025-02-20,354.3999938964844,362.29998779296875,348.0,361.510009765625,45965400,-0.01708454543992588,-0.01723217010242546
2025-02-21,337.79998779296875,354.9800109863281,334.4200134277344,353.44000244140625,74058600,-0.046839747148427646,-0.04797223327197698
2025-02-24,330.5299987792969,342.3999938964844,324.70001220703125,338.1400146484375,76052300,-0.021521578674915554,-0.021756545199510743
2025-02-25,302.79998779296875,328.8900146484375,297.25,327.0199890136719,134228800,-0.0838955952220366,-0.08762494178787733
2025-02-26,290.79998779296875,309.0,288.0400085449219,303.7099914550781,100118300,-0.039630120487999076,-0.04043677756749929
2025-02-27,281.95001220703125,297.2300109863281,280.8800048828125,291.1600036621094,101748200,-0.030433204805490277,-0.030905910133740465
2025-02-28,292.9800109863281,293.8800048828125,273.6000061035156,279.5,115697000,0.03912040539724382,0.03837459125197188
2025-03-03,284.6499938964844,303.94000244140625,277.29998779296875,300.3399963378906,115551400,-0.02843203214376444,-0.028844050845269347
2025-03-04,272.0400085449219,284.3500061035156,261.8399963378906,270.92999267578125,126706600,-0.04429996705409467,-0.045311188236941684
2025-03-05,279.1000061035156,279.54998779296875,267.7099914550781,272.9200134277344,94042900,0.025952056083059283,0.025621016692865903
2025-03-06,263.45001220703125,272.6499938964844,260.0199890136719,272.05999755859375,98451600,-0.056073068986891905,-0.05770651942025788
2025-03-07,262.6700134277344,266.25,250.72999572753906,259.32000732421875,102369600,-0.0029607088371812473,-0.0029651004058366417
2025-03-10,222.14999389648438,253.3699951171875,220.0,252.5399932861328,189076900,-0.1542620682219512,-0.16754574067757613
2025-03-11,230.5800018310547,237.05999755859375,217.02000427246094,225.30999755859375,174896400,0.037947369642955975,0.037245079838722016
2025-03-12,248.08999633789062,251.83999633789062,241.10000610351562,247.22000122070312,142215700,0.0759389121683911,0.07319368705023706
2025-03-13,240.67999267578125,248.2899932861328,232.60000610351562,248.1300048828125,114813500,-0.02986820819658198,-0.030323348875332088
2025-03-14,249.97999572753906,251.5800018310547,240.72999572753906,247.30999755859375,100242300,0.038640532386444715,0.037912677650069934
2025-03-17,238.00999450683594,245.39999389648438,232.8000030517578,245.05999755859375,111900600,-0.04788383640805238,-0.04906823105490024
2025-03-18,225.30999755859375,230.10000610351562,222.27999877929688,228.16000366210938,111477600,-0.05335909096824687,-0.05483544563443516
2025-03-19,235.86000061035156,241.41000366210938,229.1999969482422,231.61000061035156,111993800,0.046824389357219776,0.045761190368065426
2025-03-20,236.25999450683594,238.0,230.0500030517578,233.35000610351562,99028300,0.0016958954271570903,0.0016944590202751025
2025-03-21,248.7100067138672,249.52000427246094,234.5500030517578,234.99000549316406,132728700,0.05269623506518384,0.0513547158131408
2025-03-24,278.3900146484375,278.6400146484375,256.3299865722656,258.0799865722656,169079900,0.11933580126800525,0.11273547481030481
2025-03-25,288.1400146484375,288.20001220703125,271.2799987792969,283.6000061035156,150361500,0.03502280788451673,0.034423463077927825
2025-03-26,272.05999755859375,284.8999938964844,266.510009765625,282.6600036621094,153629800,-0.05580626179068926,-0.05742390273973778
2025-03-27,273.1300048828125,291.8500061035156,271.82000732421875,272.4800109863281,162572100,0.0039329829222258805,0.003925268964187628
2025-03-28,263.54998779296875,276.1000061035156,260.57000732421875,275.5799865722656,123809400,-0.03507493471452938,-0.035704833212183235
2025-03-31,259.1600036621094,260.55999755859375,243.36000061035156,249.30999755859375,134008900,-0.016657121359109794,-0.016797411271064034
2025-04-01,268.4599914550781,277.45001220703125,259.25,263.79998779296875,146486900,0.035885119854736525,0.03525624951763979
2025-04-02,282.760009765625,284.989990234375,251.27000427246094,254.60000610351562,212787800,0.05326685079977622,0.05189662060946535
2025-04-03,267.2799987792969,276.29998779296875,261.510009765625,265.2900085449219,136174300,-0.05474611137253549,-0.05630172235818194
2025-04-04,239.42999267578125,261.0,236.0,255.3800048828125,181229400,-0.10419786826814681,-0.11003572551557192
2025-04-07,233.2899932861328,252.0,214.25,223.77999877929688,183453800,-0.025644236634809525,-0.02597878190231111
2025-04-08,221.86000061035156,250.44000244140625,217.8000030517578,245.0,171603500,-0.048994783337158565,-0.05023573100190593
2025-04-09,272.20001220703125,274.69000244140625,223.8800048828125,224.69000244140625,219433400,0.22689989839624536,0.20449058000160142
2025-04-10,252.39999389648438,262.489990234375,239.3300018310547,260.0,181722600,-0.07274069589492627,-0.0755220285780395
2025-04-11,252.30999755859375,257.739990234375,241.36000061035156,251.83999633789062,128948100,-0.00035656236159631316,-0.0003566259450699316
2025-04-14,252.35000610351562,261.79998779296875,245.92999267578125,258.3599853515625,100135200,0.00015856900364230597,0.00015855643290671638
2025-04-15,254.11000061035156,258.75,247.5399932861328,249.91000366210938,79594300,0.0069744183248166,0.006950209565496345
2025-04-16,241.5500030517578,251.97000122070312,233.88999938964844,247.61000061035156,112378700,-0.049427403598542585,-0.050690742903996715
2025-04-17,241.3699951171875,244.33999633789062,237.67999267578125,243.47000122070312,83404800,-0.0007452201709629014,-0.0007454979855451015
2025-04-21,227.5,232.2100067138672,222.7899932861328,230.25999450683594,97768000,-0.05746362595919796,-0.05918076725792799
2025-04-22,237.97000122070312,242.7899932861328,229.85000610351562,230.9600067138672,120858500,0.04602198338770602,0.04499438204493094
2025-04-23,250.74000549316406,259.45001220703125,244.42999267578125,254.86000061035156,150381900,0.0536622440095611,0.052271947159751794
2025-04-24,259.510009765625,259.5400085449219,249.1999969482422,250.5,94464200,0.0349764859229853,0.03437870754426389
2025-04-25,284.95001220703125,286.8500061035156,259.6300048828125,261.69000244140625,167560700,0.09803091011549903,0.09351849398026
2025-04-28,285.8800048828125,294.8599853515625,272.4200134277344,288.9800109863281,151731800,0.0032637046356942534,0.0032583903115033577
2025-04-29,292.0299987792969,293.32000732421875,279.4700012207031,285.5,108906600,0.021512501019458785,0.021284373105168935
2025-04-30,282.1600036621094,284.45001220703125,270.7799987792969,279.8999938964844,128961100,-0.03379788089732105,-0.03438223363024816
2025-05-01,280.5199890136719,290.8699951171875,279.80999755859375,280.010009765625,99659000,-0.005812356915055328,-0.005829314402079844
2025-05-02,287.2099914550781,294.7799987792969,279.80999755859375,284.8999938964844,114454700,0.023848576584252656,0.02356864125337387
2025-05-05,280.260009765625,284.8500061035156,274.3999938964844,284.57000732421875,94618900,-0.024198258752220814,-0.024495847170982712
2025-05-06,275.3500061035156,277.7300109863281,271.3500061035156,273.1099853515625,76715800,-0.017519458684867262,-0.01767474071206643
2025-05-07,276.2200012207031,277.9200134277344,271.0,276.8800048828125,71592600,0.003159597232260225,0.0031546161942166075
2025-05-08,284.82000732421875,289.79998779296875,279.4100036621094,279.6300048828125,97539400,0.031134624811778533,0.030659773437438274
2025-05-09,298.260009765625,307.0400085449219,290.0,290.2099914550781,132387800,0.04718770485146129,0.046108194570086934
2025-05-12,318.3800048828125,322.2099914550781,311.5,321.989990234375,112826700,0.06745790403815088,0.06528003118679684
2025-05-13,334.07000732421875,337.5899963378906,316.79998779296875,320.0,136992600,0.049280740626853614,0.04810492051681205
2025-05-14,347.67999267578125,350.0,337.0,342.5,136997300,0.04073991993646375,0.0399319216619113
2025-05-15,342.82000732421875,346.1400146484375,334.7200012207031,340.3399963378906,97882600,-0.013978329078298546,-0.01407694599861275
2025-05-16,349.9800109863281,351.6199951171875,342.3299865722656,346.239990234375,95895700,0.0208856061756566,0.020670491941373468
2025-05-19,342.0899963378906,343.0,333.3699951171875,336.29998779296875,88869900,-0.022544186527114873,-0.02280219175263177
2025-05-20,343.82000732421875,354.989990234375,341.6300048828125,347.8699951171875,131715500,0.005057180873010214,0.005044436283555748
2025-05-21,334.6199951171875,347.3500061035156,332.20001220703125,344.42999267578125,102354800,-0.026758222357769146,-0.027122740878422213
2025-05-22,341.0400085449219,347.2699890136719,331.3900146484375,331.8999938964844,97113400,0.019185982671137136,0.019004252475032086
2025-05-23,339.3399963378906,343.17999267578125,333.2099914550781,337.9200134277344,84654800,-0.004984788190348977,-0.004997253689502847
2025-05-27,362.8900146484375,363.7900085449219,347.32000732421875,347.3500061035156,120146400,0.06939947711644767,0.06709725458197968
2025-05-28,356.8999938964844,365.0,355.9100036621094,364.8399963378906,91404300,-0.016506435862546853,-0.016644185010272462
2025-05-29,358.42999267578125,367.7099914550781,356.0,365.2900085449219,88087800,0.004286911755287504,0.0042777491260106125
2025-05-30,346.4599914550781,363.67999267578125,345.2900085449219,355.5199890136719,123474900,-0.03339564619395741,-0.03396601533337422
2025-06-02,342.69000244140625,348.0199890136719,333.3299865722656,343.5,81873800,-0.01088145559849063,-0.010941091649071494
2025-06-03,344.2699890136719,355.3999938964844,343.0400085449219,346.6000061035156,99324500,0.004610541775392996,0.004599945784019605
2025-06-04,332.04998779296875,345.6000061035156,327.3299865722656,345.1000061035156,98912100,-0.03549540073392177,-0.03614067809813415
2025-06-05,284.70001220703125,324.54998779296875,273.2099914550781,322.489990234375,287499800,-0.14259893789082123,-0.15384948606327908
2025-06-06,295.1400146484375,305.5,291.1400146484375,298.8299865722656,164747700,0.036670186138995975,0.0360138325066553
2025-06-09,308.5799865722656,309.8299865722656,281.8500061035156,285.9599914550781,140908900,0.04553761352840424,0.04453121583281344
2025-06-10,326.0899963378906,327.8299865722656,310.6700134277344,314.94000244140625,151256500,0.05674382827003055,0.05519232015438431
2025-06-11,326.42999267578125,335.5,322.5,334.3999938964844,122611400,0.0010426457165473302,0.0010421025390305668
2025-06-12,319.1099853515625,332.55999755859375,316.8599853515625,323.0799865722656,105127500,-0.022424432461661592,-0.022679683166052338
2025-06-13,325.30999755859375,332.989990234375,313.29998779296875,313.9700012207031,128964300,0.019429076154419578,0.019242741328905938
2025-06-16,329.1300048828125,332.04998779296875,326.4100036621094,331.2900085449219,83925900,0.011742668079331553,0.011674257976472
2025-06-17,316.3500061035156,327.260009765625,314.739990234375,326.0899963378906,88282700,-0.03882963749794621,-0.03960360944657592
2025-06-18,322.04998779296875,329.32000732421875,315.45001220703125,317.30999755859375,95137700,0.0180179597897272,0.017857560202303197
2025-06-20,322.1600036621094,332.3599853515625,317.7799987792969,327.95001220703125,108688000,0.0003416111576173275,0.00034155282181088666
2025-06-23,348.67999267578125,357.5400085449219,327.4800109863281,327.5400085449219,190716800,0.0823193093872907,0.07910624722725408
2025-06-24,340.4700012207031,356.260009765625,340.44000244140625,356.1700134277344,114736200,-0.023545920693855638,-0.023827555571310416
2025-06-25,327.54998779296875,343.0,320.3999938964844,342.70001220703125,119845100,-0.037947582404945,-0.03868634165630777
2025-06-26,325.7799987792969,331.04998779296875,323.6099853515625,324.6099853515625,80440900,-0.0054037218123500486,-0.005418374727754274
2025-06-27,323.6300048828125,329.3399963378906,317.5,324.510009765625,89067000,-0.006599526995335614,-0.006621400161764133
2025-06-30,317.6600036621094,325.5799865722656,316.6000061035156,319.8999938964844,76695100,-0.018446995428822777,-0.01861926308527601
2025-07-01,300.7099914550781,305.8900146484375,293.2099914550781,298.4599914550781,145085700,-0.05335897504131726,-0.0548353231730864
2025-07-02,315.6499938964844,316.8299865722656,303.82000732421875,312.6300048828125,119483700,0.04968242780731846,0.04848766871497916
2025-07-03,315.3500061035156,318.45001220703125,312.760009765625,317.989990234375,58042300,-0.0009503811144286889,-0.0009508330128998894
2025-07-07,293.94000244140625,296.1499938964844,288.7699890136719,291.3699951171875,131177900,-0.06789282780315342,-0.07030747928005848
2025-07-08,297.80999755859375,304.04998779296875,294.3500061035156,297.0,103246700,0.013165935514200422,0.013080017887538436
2025-07-09,295.8800048828125,300.1499938964844,293.54998779296875,297.54998779296875,75586800,-0.0064806174796113725,-0.006501707849529647
2025-07-10,309.8699951171875,310.4800109863281,300.0,300.04998779296875,104365300,0.0472826483827995,0.046198855706690405
2025-07-11,313.510009765625,314.0899963378906,305.6499938964844,307.8900146484375,79236400,0.01174690904506881,0.01167844971117151
2025-07-14,316.8999938964844,322.6000061035156,312.6700134277344,317.7300109863281,78043400,0.010813001260769006,0.01075495879659973
2025-07-15,310.7799987792969,321.20001220703125,310.5,319.67999267578125,77556300,-0.01931207079538977,-0.019500985006087518
2025-07-16,321.6700134277344,323.5,312.6199951171875,312.79998779296875,97284800,0.03504091219258654,0.03444095462458378
2025-07-17,319.4100036621094,324.3399963378906,317.05999755859375,323.1499938964844,73922900,-0.007025863995037018,-0.007050661595447646
2025-07-18,329.6499938964844,330.8999938964844,321.4200134277344,321.6600036621094,94255000,0.03205907804067243,0.031555911584314186
2025-07-21,328.489990234375,338.0,326.8800048828125,334.3999938964844,75768800,-0.0035188948387289143,-0.003525100711992725
2025-07-22,332.1099853515625,335.4100036621094,321.54998779296875,329.739990234375,77370400,0.0110201078413521,0.010959828902223289
2025-07-23,332.55999755859375,336.20001220703125,328.6700134277344,330.8999938964844,92553800,0.0013550095657464123,0.0013540923687317768
2025-07-24,305.29998779296875,310.1499938964844,300.4100036621094,310.0,156966000,-0.08197020076301287,-0.08552542784602518
2025-07-25,316.05999755859375,323.6300048828125,308.010009765625,308.739990234375,148227000,0.03524405566934252,0.034637201499348805
2025-07-28,325.5899963378906,330.489990234375,315.69000244140625,318.45001220703125,112673800,0.030152499060024596,0.029706848621967902
2025-07-29,321.20001220703125,326.25,318.25,325.54998779296875,87358900,-0.013483166498468035,-0.013574889801361277
2025-07-30,319.0400085449219,324.45001220703125,311.6199951171875,322.17999267578125,83931900,-0.006724793213012448,-0.006747506520358081
2025-07-31,308.2699890136719,321.3699951171875,306.1000061035156,319.6099853515625,85270900,-0.03375758288237862,-0.03434052685502853
2025-08-01,302.6300048828125,309.30999755859375,297.82000732421875,306.2099914550781,89121400,-0.01829559909125389,-0.018465033347039538
2025-08-04,309.260009765625,312.1199951171875,303.0,309.0799865722656,78683900,0.021907956170373222,0.02167142527004271
2025-08-05,308.7200012207031,312.45001220703125,305.5,308.95001220703125,57961300,-0.0017461311772288823,-0.0017476574412364776
2025-08-06,319.9100036621094,320.4700012207031,306.92999267578125,307.8900146484375,78523600,0.03624644466558724,0.03560499649944306
2025-08-07,322.2699890136719,322.3999938964844,316.1600036621094,319.7900085449219,66658700,0.007377028928595486,0.007349951735303974
2025-08-08,329.6499938964844,335.1499938964844,320.9800109863281,321.42999267578125,91200300,0.02290006868278205,0.02264179762598033
2025-08-11,339.0299987792969,346.6400146484375,334.1499938964844,335.0,105320200,0.02845443669493286,0.028057128395424267
2025-08-12,340.8399963378906,345.260009765625,332.94000244140625,345.0,80522100,0.005338753399730889,0.005324552775796538
2025-08-13,339.3800048828125,348.9800109863281,338.20001220703125,341.5,67838900,-0.004283509772223915,-0.004292710283261014
2025-08-14,335.5799865722656,340.4700012207031,330.3999938964844,335.760009765625,75000700,-0.011196942235471519,-0.011260099884090402
2025-08-15,330.55999755859375,339.29998779296875,327.0199890136719,337.6600036621094,74319800,-0.014959143019665277,-0.015072159502432556
2025-08-18,335.1600036621094,336.2699890136719,329.5899963378906,329.6199951171875,56956600,0.013915797850586165,0.013819862125930686
2025-08-19,329.30999755859375,340.54998779296875,327.8500061035156,335.7900085449219,75956000,-0.017454368181154756,-0.017608491717904177
2025-08-20,323.8999938964844,331.3699951171875,314.6000061035156,329.2200012207031,77481800,-0.016428300696053943,-0.01656474162017639
2025-08-21,320.1099853515625,324.8999938964844,318.67999267578125,322.0799865722656,55744400,-0.011701168929731831,-0.011770166368817137
2025-08-22,340.010009765625,340.25,319.69000244140625,321.6600036621094,94016300,0.062166209505171155,0.06031041669933769
2025-08-25,346.6000061035156,349.5299987792969,335.0299987792969,338.8999938964844,86670000,0.019381771561470362,0.019196337227210383
2025-08-26,351.6700134277344,351.8999938964844,343.7200012207031,344.92999267578125,76651600,0.01462783391499567,0.01452187916170169
2025-08-27,349.6000061035156,355.3900146484375,349.1600036621094,351.94000244140625,65519000,-0.0058862207330171445,-0.005903612812939926
2025-08-28,345.9800109863281,353.54998779296875,340.260009765625,350.9100036621094,67903200,-0.010354676927882056,-0.010408659566889222
2025-08-29,333.8699951171875,348.75,331.70001220703125,347.2300109863281,81145700,-0.03500206799409333,-0.0356293206445078
2025-09-02,329.3599853515625,333.3299865722656,325.6000061035156,328.2300109863281,58392000,-0.01350828116207925,-0.01360034804236362
2025-09-03,334.0899963378906,343.3299865722656,328.510009765625,335.20001220703125,88733300,0.014361219324440011,0.014259073808795026
2025-09-04,338.5299987792969,338.8900146484375,331.4800109863281,336.1499938964844,60711000,0.01328983953448204,0.01320230431684188
2025-09-05,350.8399963378906,355.8699951171875,344.67999267578125,348.0,108989800,0.036363092201525005,0.035717557533237444
2025-09-08,346.3999938964844,358.44000244140625,344.8399963378906,354.6400146484375,75208300,-0.01265534855703887,-0.0127361095766315
2025-09-09,346.9700012207031,350.7699890136719,343.82000732421875,348.44000244140625,53816000,0.001645517708609212,0.0016441653277190816
2025-09-10,347.7900085449219,356.3299865722656,346.07000732421875,350.54998779296875,72121700,0.0023633378140295314,0.0023605495234688204
2025-09-11,368.80999755859375,368.989990234375,347.6000061035156,350.1700134277344,103756000,0.06043873744853956,0.05868272574299215
2025-09-12,395.94000244140625,396.69000244140625,370.239990234375,370.94000244140625,168156400,0.07356092584909457,0.07098109112687562
2025-09-15,410.0400085449219,425.70001220703125,402.42999267578125,423.1300048828125,163823700,0.03561147147692467,0.034992045964953526
2025-09-16,421.6199951171875,423.25,411.42999267578125,414.5,104285700,0.028241113869250656,0.027849686096646824
2025-09-17,425.8599853515625,428.30999755859375,409.6700134277344,415.75,106133500,0.01005642588937583,0.010006196509857018
2025-09-18,416.8500061035156,432.2200012207031,416.55999755859375,428.8699951171875,90454500,-0.021157139806429193,-0.021384159862326838
2025-09-19,426.07000732421875,429.4700012207031,421.7200012207031,421.82000732421875,93131000,0.022118270566640064,0.021877209710827277
2025-09-22,434.2099914550781,444.9800109863281,429.1300048828125,431.1099853515625,97108800,0.019104804353584193,0.01892459915165681
2025-09-23,425.8500061035156,440.9700012207031,423.7200012207031,439.8800048828125,83422700,-0.019253323313789705,-0.019441082441463448
2025-09-24,442.7900085449219,444.2099914550781,429.0299987792969,429.8299865722656,93133600,0.03977927016229388,0.03900845039857305
2025-09-25,423.3900146484375,435.3500061035156,419.0799865722656,435.239990234375,96746400,-0.04381307961359793,-0.04480186162620923
2025-09-26,440.3999938964844,440.4700012207031,421.0199890136719,428.29998779296875,101628200,0.0401756741055197,0.03938961629749567
2025-09-29,443.2099914550781,450.9800109863281,439.5,444.3500061035156,79491500,0.00638055766924972,0.006360288086303643
2025-09-30,444.7200012207031,445.0,433.1199951171875,441.5199890136719,74358000,0.0034069849388267404,0.0034011943142930328
2025-10-01,459.4599914550781,462.2900085449219,440.75,443.79998779296875,98122300,0.033144428390707636,0.03260699487618123
2025-10-02,436.0,470.75,435.57000732421875,470.5400085449219,137009000,-0.051059922281332826,-0.052409624917241146
2025-10-03,429.8299865722656,446.7699890136719,416.5799865722656,443.2900085449219,133188200,-0.014151406944344913,-0.014252492909231236
2025-10-06,453.25,453.54998779296875,436.69000244140625,440.75,85324900,0.054486690457546505,0.05305409919515741
2025-10-07,433.0899963378906,452.67999267578125,432.45001220703125,447.82000732421875,102296100,-0.044478772558432134,-0.04549829949251959
2025-10-08,438.69000244140625,441.3299865722656,425.2300109863281,437.57000732421875,71192100,0.012930352007360923,0.012847468714676217
2025-10-09,435.5400085449219,436.3500061035156,426.17999267578125,431.80999755859375,69339900,-0.007180455170972544,-0.007206358713169257
2025-10-10,413.489990234375,443.1300048828125,411.45001220703125,436.5400085449219,112107900,-0.05062684914805626,-0.05195335338705128
2025-10-13,435.8999938964844,436.8900146484375,419.70001220703125,423.5299987792969,79552800,0.054197209585187034,0.052779538485349636
2025-10-14,429.239990234375,434.20001220703125,417.8599853515625,426.7900085449219,72669400,-0.015278742269702716,-0.01539666493428667
2025-10-15,435.1499938964844,440.510009765625,426.3299865722656,434.8999938964844,71558200,0.013768529951932784,0.013674604901329141
2025-10-16,428.75,439.3500061035156,421.30999755859375,434.7300109863281,77189900,-0.01470755828163206,-0.014816786729139185
2025-10-17,439.30999755859375,441.4599914550781,423.6000061035156,425.5,89331600,0.02462973191508744,0.024331310172500658
2025-10-20,447.42999267578125,449.79998779296875,440.6099853515625,443.8699951171875,63719000,0.018483519979771268,0.01831477587612344
2025-10-21,442.6000061035156,449.29998779296875,442.04998779296875,445.760009765625,54412200,-0.010794954856246153,-0.01085364312168525
2025-10-22,438.9700012207031,445.5400085449219,429.0,443.45001220703125,84023500,-0.008201547294971134,-0.008235365016010689
2025-10-23,448.9800109863281,449.3999938964844,413.8999938964844,420.0,126709800,0.022803402824313368,0.022547291398770954
2025-10-24,433.7200012207031,451.67999267578125,430.1700134277344,446.8299865722656,94727800,-0.03398817183887881,-0.03457920037137167
2025-10-27,452.4200134277344,460.1600036621094,438.69000244140625,439.9800109863281,105867500,0.043115401997602554,0.042211814191010485
2025-10-28,460.54998779296875,467.0,451.6000061035156,454.7799987792969,80185700,0.017969970655449252,0.01781041931942346
2025-10-29,461.510009765625,465.70001220703125,452.6499938964844,462.5,67983500,0.0020845119924046696,0.002082342411769511
2025-10-30,440.1000061035156,455.05999755859375,439.6099853515625,451.04998779296875,72447900,-0.04639120107705208,-0.047501755655160294
2025-10-31,456.55999755859375,458.0,443.69000244140625,446.75,83135800,0.03740057084027071,0.03671813319553837
2025-11-03,468.3699951171875,474.07000732421875,453.79998779296875,455.989990234375,84595200,0.02586735066967427,0.025538450543862383
2025-11-04,444.260009765625,460.2200012207031,443.6000061035156,454.4599914550781,87756600,-0.05147636612701911,-0.052848572813666
2025-11-05,462.07000732421875,466.3299865722656,440.7099914550781,452.04998779296875,85573000,0.040089130615176494,0.03930641199562339
2025-11-06,445.9100036621094,467.45001220703125,435.0899963378906,461.9599914550781,109622900,-0.03497306340156037,-0.035599264459215095
2025-11-07,429.5199890136719,439.3599853515625,421.8800048828125,437.9200134277344,103471500,-0.03675632866235745,-0.03744886561150212
2025-11-10,445.2300109863281,449.6700134277344,433.3599853515625,439.6000061035156,76515900,0.03657576451501576,0.03592274671529928
2025-11-11,439.6199951171875,442.489990234375,432.3599853515625,439.3999938964844,60533200,-0.01260026442672324,-0.01268032095842644
2025-11-12,430.6000061035156,442.3299865722656,426.55999755859375,442.1499938964844,58513500,-0.02051769508633805,-0.020731107188327342
2025-11-13,401.989990234375,424.5,396.3399963378906,423.1300048828125,118948000,-0.06644220962287406,-0.06875241071018368
2025-11-14,404.3500061035156,412.19000244140625,382.7799987792969,386.29998779296875,105506700,0.005870832424868633,0.005853666241942873
2025-11-17,408.9200134277344,423.9599914550781,398.739990234375,398.739990234375,102214300,0.011302107716671506,0.011238716089416035
2025-11-18,401.25,408.8999938964844,393.7099914550781,405.3800048828125,80688600,-0.018756757252943457,-0.01893489628165649
2025-11-19,403.989990234375,411.7799987792969,398.5,406.17999267578125,72047700,0.006828636098130891,0.006805426562391663
2025-11-20,395.2300109863281,428.94000244140625,394.739990234375,414.6300048828125,113548800,-0.02168365419886953,-0.021922199285516537
2025-11-21,391.0899963378906,402.79998779296875,383.760009765625,402.32000732421875,100460600,-0.010474950113494086,-0.010530198558583292
2025-11-24,417.7799987792969,421.7200012207031,401.0899963378906,402.1700134277344,96806400,0.0682451678419993,0.0660172720981127
2025-11-25,419.3999938964844,420.4800109863281,405.95001220703125,414.4200134277344,71915600,0.0038776272725380423,0.003870128654219355
2025-11-26,426.5799865722656,426.94000244140625,416.8900146484375,423.95001220703125,63463000,0.017119677587676296,0.016974787220379935
2025-11-28,430.1700134277344,432.92999267578125,426.20001220703125,426.5899963378906,36252900,0.008415835173881447,0.008380619474776033
2025-12-01,430.1400146484375,433.6600036621094,425.2900085449219,425.32000732421875,57463600,-6.973703038437584e-05,-6.97394621241348e-05
2025-12-02,429.239990234375,436.79998779296875,422.1199951171875,430.80999755859375,69336600,-0.0020923987153301793,-0.0020945908399217085
2025-12-03,446.739990234375,447.9200134277344,431.1099853515625,432.1000061035156,87483000,0.04076973347810542,0.039960567737700375
2025-12-04,454.5299987792969,454.6300048828125,445.3900146484375,449.94000244140625,71906500,0.017437455153354264,0.017287167308555625
2025-12-05,455.0,458.8699951171875,451.6600036621094,453.0299987792969,56427500,0.0010340378456106247,0.0010335035967348669
2025-12-08,439.5799865722656,449.75,435.25,447.45001220703125,69165800,-0.033890139401614006,-0.03447772390855956
2025-12-09,445.1700134277344,452.3900146484375,435.70001220703125,437.5400085449219,62367400,0.01271674558948499,0.012636566806914386
2025-12-10,451.45001220703125,456.8800048828125,443.6099853515625,446.07000732421875,63257500,0.014106967203253218,0.014008389943790958
2025-12-11,446.8900146484375,449.2699890136719,440.3299865722656,448.95001220703125,55979500,-0.010100780674035192,-0.010152139695978377
2025-12-12,458.9599914550781,463.010009765625,441.6700134277344,448.0899963378906,95656700,0.027008830833098685,0.026650529578487583
2025-12-15,475.30999755859375,481.7699890136719,467.6600036621094,469.44000244140625,114542200,0.035624033484225714,0.03500417593015653
2025-12-16,489.8800048828125,491.5,465.8299865722656,472.2099914550781,107608100,0.030653694218629735,0.03019325551468915
2025-12-17,467.260009765625,495.2799987792969,466.20001220703125,488.2200012207031,106490400,-0.04617456293730249,-0.04727460429487326
2025-12-18,483.3699951171875,490.8599853515625,473.1199951171875,478.1600036621094,95168400,0.034477560704677446,0.03389652701091261
2025-12-19,481.20001220703125,490.489990234375,474.7200012207031,488.1199951171875,103305400,-0.00448927929345333,-0.0044993863680713635
2025-12-22,488.7300109863281,498.8299865722656,485.3299865722656,489.8800048828125,86916100,0.01564837611861325,0.015527202757109204
2025-12-23,485.55999755859375,491.9700012207031,482.8399963378906,489.3999938964844,58223600,-0.00648622625268469,-0.006507353223946919
2025-12-24,485.3999938964844,490.8999938964844,476.79998779296875,488.4800109863281,41285400,-0.00032952397832164415,-0.0003295782832779731
2025-12-26,475.19000244140625,489.0899963378906,473.82000732421875,485.2300109863281,58780700,-0.021034181259704576,-0.021258551524587485
2025-12-29,459.6400146484375,469.3999938964844,459.0,469.0,66263000,-0.03272372674735757,-0.03327112293491262
2025-12-30,454.42999267578125,463.1199951171875,453.8299865722656,461.0899963378906,58902200,-0.011335005235871831,-0.01139973602177475
